id,title,abstract,year,journal,authors,doi
1,AAPL latest 10-K chunk 1,false2025FY0000320193P1YP1YP1YP1Yhttp://fasb.org/us-gaap/2025#LongTermDebtNoncurrenthttp://fasb.org/us-gaap/2025#LongTer mDebtNoncurrenthttp://fasb.org/us-gaap/2025#OtherAssetsNoncurrenthttp://fasb.org/us-gaap/2025#OtherAssetsNoncurrenthttp: //fasb.org/us-gaap/2025#PropertyPlantAndEquipmentNethttp://fasb.org/us-gaap/2025#PropertyPlantAndEquipmentNethttp://fasb .org/us-gaap/2025#OtherLiabilitiesCurrenthttp://fasb.org/us-gaap/2025#OtherLiabilitiesCurrenthttp://fasb.org/us-gaap/202 5#OtherLiabilitiesNoncurrenthttp://fasb.org/us-gaap/2025#OtherLiabilitiesNoncurrenthttp://fasb.org/us-gaap/2025#OtherLia bilitiesCurrenthttp://fasb.org/us-gaap/2025#OtherLiabilitiesCurrenthttp://fasb.org/us-gaap/2025#OtherLiabilitiesNoncurre nthttp://fasb.org/us-gaap/2025#OtherLiabilitiesNoncurrentiso4217:USDxbrli:sharesiso4217:USDxbrli:sharesxbrli:pureaapl:Cu stomeraapl:Vendoraapl:Subsidiary00003201932024-09-292025-09-270000320193us-gaap:CommonStockMember2024-09-292025-09-27000 0320193aapl:A0.000Notesdue2025Member2024-09-292025-09-270000320193aapl:A1.625NotesDue2026Member2024-09-292025-09-2700003 20193aapl:A2.000NotesDue2027Member2024-09-292025-09-270000320193aapl:A1.375NotesDue2029Member2024-09-292025-09-270000320 193aapl:A3.050NotesDue2029Member2024-09-292025-09-270000320193aapl:A0.500Notesdue2031Member2024-09-292025-09-27000032019 3aapl:A3.600NotesDue2042Member2024-09-292025-09-2700003201932025-03-2800003201932025-10-170000320193us-gaap:ProductMembe r2024-09-292025-09-270000320193us-gaap:ProductMember2023-10-012024-09-280000320193us-gaap:ProductMember2022-09-252023-09 -300000320193us-gaap:ServiceMember2024-09-292025-09-270000320193us-gaap:ServiceMember2023-10-012024-09-280000320193us-ga,2025,SEC Form 10-K,Apple Inc.,sec:AAPL:0000320193-25-000079:chunk1
2,AAPL latest 10-K chunk 2,ap:ServiceMember2022-09-252023-09-3000003201932023-10-012024-09-2800003201932022-09-252023-09-3000003201932025-09-270000 3201932024-09-2800003201932023-09-3000003201932022-09-240000320193us-gaap:CommonStockIncludingAdditionalPaidInCapitalMem ber2024-09-280000320193us-gaap:CommonStockIncludingAdditionalPaidInCapitalMember2023-09-300000320193us-gaap:CommonStockI ncludingAdditionalPaidInCapitalMember2022-09-240000320193us-gaap:CommonStockIncludingAdditionalPaidInCapitalMember2024-0 9-292025-09-270000320193us-gaap:CommonStockIncludingAdditionalPaidInCapitalMember2023-10-012024-09-280000320193us-gaap:C ommonStockIncludingAdditionalPaidInCapitalMember2022-09-252023-09-300000320193us-gaap:CommonStockIncludingAdditionalPaid InCapitalMember2025-09-270000320193us-gaap:RetainedEarningsMember2024-09-280000320193us-gaap:RetainedEarningsMember2023- 09-300000320193us-gaap:RetainedEarningsMember2022-09-240000320193us-gaap:RetainedEarningsMember2024-09-292025-09-2700003 20193us-gaap:RetainedEarningsMember2023-10-012024-09-280000320193us-gaap:RetainedEarningsMember2022-09-252023-09-3000003 20193us-gaap:RetainedEarningsMember2025-09-270000320193us-gaap:AccumulatedOtherComprehensiveIncomeMember2024-09-28000032 0193us-gaap:AccumulatedOtherComprehensiveIncomeMember2023-09-300000320193us-gaap:AccumulatedOtherComprehensiveIncomeMemb er2022-09-240000320193us-gaap:AccumulatedOtherComprehensiveIncomeMember2024-09-292025-09-270000320193us-gaap:Accumulated OtherComprehensiveIncomeMember2023-10-012024-09-280000320193us-gaap:AccumulatedOtherComprehensiveIncomeMember2022-09-252 023-09-300000320193us-gaap:AccumulatedOtherComprehensiveIncomeMember2025-09-270000320193aapl:IPhoneMember2024-09-292025-,2025,SEC Form 10-K,Apple Inc.,sec:AAPL:0000320193-25-000079:chunk2
3,AAPL latest 10-K chunk 3,09-270000320193aapl:IPhoneMember2023-10-012024-09-280000320193aapl:IPhoneMember2022-09-252023-09-300000320193aapl:MacMem ber2024-09-292025-09-270000320193aapl:MacMember2023-10-012024-09-280000320193aapl:MacMember2022-09-252023-09-30000032019 3aapl:IPadMember2024-09-292025-09-270000320193aapl:IPadMember2023-10-012024-09-280000320193aapl:IPadMember2022-09-252023 -09-300000320193aapl:WearablesHomeandAccessoriesMember2024-09-292025-09-270000320193aapl:WearablesHomeandAccessoriesMemb er2023-10-012024-09-280000320193aapl:WearablesHomeandAccessoriesMember2022-09-252023-09-3000003201932025-09-282025-09-27 00003201932026-09-272025-09-2700003201932027-09-262025-09-2700003201932028-10-012025-09-270000320193us-gaap:RestrictedSt ockUnitsRSUMember2022-09-252023-09-300000320193us-gaap:CashMember2025-09-270000320193us-gaap:MoneyMarketFundsMemberus-ga ap:FairValueInputsLevel1Member2025-09-270000320193us-gaap:MutualFundMemberus-gaap:FairValueInputsLevel1Member2025-09-270 000320193us-gaap:FairValueInputsLevel1Member2025-09-270000320193us-gaap:USTreasurySecuritiesMemberus-gaap:FairValueInput sLevel2Member2025-09-270000320193us-gaap:USGovernmentAgenciesDebtSecuritiesMemberus-gaap:FairValueInputsLevel2Member2025 -09-270000320193us-gaap:ForeignGovernmentDebtSecuritiesMemberus-gaap:FairValueInputsLevel2Member2025-09-270000320193us-g aap:BankTimeDepositsMemberus-gaap:FairValueInputsLevel2Member2025-09-270000320193us-gaap:CommercialPaperMemberus-gaap:Fa irValueInputsLevel2Member2025-09-270000320193us-gaap:CorporateDebtSecuritiesMemberus-gaap:FairValueInputsLevel2Member202 5-09-270000320193us-gaap:USStatesAndPoliticalSubdivisionsMemberus-gaap:FairValueInputsLevel2Member2025-09-270000320193us,2025,SEC Form 10-K,Apple Inc.,sec:AAPL:0000320193-25-000079:chunk3
4,AAPL latest 10-K chunk 4,-gaap:AssetBackedSecuritiesMemberus-gaap:FairValueInputsLevel2Member2025-09-270000320193us-gaap:FairValueInputsLevel2Mem ber2025-09-270000320193us-gaap:CashMember2024-09-280000320193us-gaap:MoneyMarketFundsMemberus-gaap:FairValueInputsLevel1 Member2024-09-280000320193us-gaap:MutualFundMemberus-gaap:FairValueInputsLevel1Member2024-09-280000320193us-gaap:FairVal ueInputsLevel1Member2024-09-280000320193us-gaap:USTreasurySecuritiesMemberus-gaap:FairValueInputsLevel2Member2024-09-280 000320193us-gaap:USGovernmentAgenciesDebtSecuritiesMemberus-gaap:FairValueInputsLevel2Member2024-09-280000320193us-gaap: ForeignGovernmentDebtSecuritiesMemberus-gaap:FairValueInputsLevel2Member2024-09-280000320193us-gaap:BankTimeDepositsMemb erus-gaap:FairValueInputsLevel2Member2024-09-280000320193us-gaap:CommercialPaperMemberus-gaap:FairValueInputsLevel2Membe r2024-09-280000320193us-gaap:CorporateDebtSecuritiesMemberus-gaap:FairValueInputsLevel2Member2024-09-280000320193us-gaap :USStatesAndPoliticalSubdivisionsMemberus-gaap:FairValueInputsLevel2Member2024-09-280000320193us-gaap:AssetBackedSecurit iesMemberus-gaap:FairValueInputsLevel2Member2024-09-280000320193us-gaap:FairValueInputsLevel2Member2024-09-280000320193a apl:UnfavorableInvestigationOutcomeEUStateAidRulesMember2024-09-280000320193aapl:MarketableDebtSecuritiesOtherThanAssetB ackedSecuritiesMember2025-09-270000320193us-gaap:AssetBackedSecuritiesMember2025-09-270000320193us-gaap:ForeignExchangeC ontractMember2024-09-292025-09-270000320193us-gaap:CrossCurrencyInterestRateContractMember2024-09-292025-09-270000320193 us-gaap:ForeignExchangeContractMemberus-gaap:DesignatedAsHedgingInstrumentMember2025-09-270000320193us-gaap:ForeignExcha,2025,SEC Form 10-K,Apple Inc.,sec:AAPL:0000320193-25-000079:chunk4
5,AAPL latest 10-K chunk 5,ngeContractMemberus-gaap:DesignatedAsHedgingInstrumentMember2024-09-280000320193us-gaap:InterestRateContractMemberus-gaa p:DesignatedAsHedgingInstrumentMember2025-09-270000320193us-gaap:InterestRateContractMemberus-gaap:DesignatedAsHedgingIn strumentMember2024-09-280000320193us-gaap:ForeignExchangeContractMemberus-gaap:NondesignatedMember2025-09-270000320193us -gaap:ForeignExchangeContractMemberus-gaap:NondesignatedMember2024-09-280000320193us-gaap:CreditConcentrationRiskMemberu s-gaap:TradeAccountsReceivableMember2025-09-270000320193aapl:CustomerOneMemberus-gaap:CreditConcentrationRiskMemberus-ga ap:TradeAccountsReceivableMember2024-09-292025-09-270000320193aapl:CellularNetworkCarriersMemberus-gaap:CreditConcentrat ionRiskMemberus-gaap:TradeAccountsReceivableMember2024-09-292025-09-270000320193aapl:CellularNetworkCarriersMemberus-gaa p:CreditConcentrationRiskMemberus-gaap:TradeAccountsReceivableMember2023-10-012024-09-280000320193us-gaap:CreditConcentr ationRiskMemberaapl:NonTradeReceivableMember2025-09-270000320193aapl:VendorOneMemberus-gaap:CreditConcentrationRiskMembe raapl:NonTradeReceivableMember2024-09-292025-09-270000320193aapl:VendorTwoMemberus-gaap:CreditConcentrationRiskMemberaap l:NonTradeReceivableMember2024-09-292025-09-270000320193us-gaap:CreditConcentrationRiskMemberaapl:NonTradeReceivableMemb er2024-09-280000320193aapl:VendorOneMemberus-gaap:CreditConcentrationRiskMemberaapl:NonTradeReceivableMember2023-10-0120 24-09-280000320193aapl:VendorTwoMemberus-gaap:CreditConcentrationRiskMemberaapl:NonTradeReceivableMember2023-10-012024-0 9-280000320193us-gaap:LandAndBuildingMember2025-09-270000320193us-gaap:LandAndBuildingMember2024-09-280000320193aapl:Mac,2025,SEC Form 10-K,Apple Inc.,sec:AAPL:0000320193-25-000079:chunk5
6,AAPL latest 10-K chunk 6,hineryEquipmentAndInternalUseSoftwareMember2025-09-270000320193aapl:MachineryEquipmentAndInternalUseSoftwareMember2024-0 9-280000320193us-gaap:LeaseholdImprovementsMember2025-09-270000320193us-gaap:LeaseholdImprovementsMember2024-09-28000032 0193aapl:UnfavorableInvestigationOutcomeEUStateAidRulesMember2016-08-302016-08-300000320193aapl:UnfavorableInvestigation OutcomeEUStateAidRulesMember2024-06-302024-09-280000320193us-gaap:OperatingLeaseLeaseNotYetCommencedMember2025-09-270000 320193srt:MinimumMember2025-09-270000320193srt:MaximumMember2025-09-270000320193us-gaap:CommercialPaperMember2025-09-270 000320193us-gaap:CommercialPaperMember2024-09-280000320193us-gaap:CommercialPaperMember2024-09-292025-09-270000320193us- gaap:CommercialPaperMember2023-10-012024-09-280000320193aapl:A20132023DebtIssuancesMembersrt:MinimumMemberaapl:FixedRate NotesMember2025-09-270000320193aapl:A20132023DebtIssuancesMembersrt:MaximumMemberaapl:FixedRateNotesMember2025-09-270000 320193aapl:A20132023DebtIssuancesMemberaapl:FixedRateNotesMember2024-09-292025-09-270000320193aapl:A20132023DebtIssuance sMemberaapl:FixedRateNotesMember2025-09-270000320193aapl:A20132023DebtIssuancesMemberaapl:FixedRateNotesMember2024-09-28 0000320193aapl:A20132023DebtIssuancesMembersrt:MinimumMemberaapl:FixedRateNotesMember2024-09-280000320193aapl:A20132023D ebtIssuancesMembersrt:MaximumMemberaapl:FixedRateNotesMember2024-09-280000320193aapl:A2025DebtIssuanceMembersrt:MinimumM emberaapl:FixedRateNotesMember2025-09-270000320193aapl:A2025DebtIssuanceMembersrt:MaximumMemberaapl:FixedRateNotesMember 2025-09-270000320193aapl:A2025DebtIssuanceMemberaapl:FixedRateNotesMember2024-09-292025-09-270000320193aapl:A2025DebtIss,2025,SEC Form 10-K,Apple Inc.,sec:AAPL:0000320193-25-000079:chunk6
7,AAPL latest 10-K chunk 7,uanceMemberaapl:FixedRateNotesMember2025-09-270000320193us-gaap:CommonStockMember2024-09-280000320193us-gaap:CommonStock Member2023-09-300000320193us-gaap:CommonStockMember2022-09-240000320193us-gaap:CommonStockMember2024-09-292025-09-270000 320193us-gaap:CommonStockMember2023-10-012024-09-280000320193us-gaap:CommonStockMember2022-09-252023-09-300000320193us-g aap:CommonStockMember2025-09-270000320193aapl:EmployeeStockPlan2022PlanMemberus-gaap:RestrictedStockUnitsRSUMember2024-0 9-292025-09-270000320193aapl:EmployeeStockPlan2022PlanMember2022-03-040000320193us-gaap:RestrictedStockUnitsRSUMember202 4-09-280000320193us-gaap:RestrictedStockUnitsRSUMember2024-09-292025-09-270000320193us-gaap:RestrictedStockUnitsRSUMembe r2025-09-270000320193us-gaap:RestrictedStockUnitsRSUMember2023-10-012024-09-280000320193us-gaap:RestrictedStockUnitsRSUM ember2022-09-252023-09-300000320193us-gaap:OperatingSegmentsMemberaapl:AmericasSegmentMember2024-09-292025-09-2700003201 93us-gaap:OperatingSegmentsMemberaapl:EuropeSegmentMember2024-09-292025-09-270000320193us-gaap:OperatingSegmentsMemberaa pl:GreaterChinaSegmentMember2024-09-292025-09-270000320193us-gaap:OperatingSegmentsMemberaapl:JapanSegmentMember2024-09- 292025-09-270000320193us-gaap:OperatingSegmentsMemberaapl:RestOfAsiaPacificSegmentMember2024-09-292025-09-270000320193us -gaap:CorporateNonSegmentMember2024-09-292025-09-270000320193us-gaap:OperatingSegmentsMemberaapl:AmericasSegmentMember20 23-10-012024-09-280000320193us-gaap:OperatingSegmentsMemberaapl:EuropeSegmentMember2023-10-012024-09-280000320193us-gaap :OperatingSegmentsMemberaapl:GreaterChinaSegmentMember2023-10-012024-09-280000320193us-gaap:OperatingSegmentsMemberaapl:,2025,SEC Form 10-K,Apple Inc.,sec:AAPL:0000320193-25-000079:chunk7
8,AAPL latest 10-K chunk 8,"JapanSegmentMember2023-10-012024-09-280000320193us-gaap:OperatingSegmentsMemberaapl:RestOfAsiaPacificSegmentMember2023-1 0-012024-09-280000320193us-gaap:CorporateNonSegmentMember2023-10-012024-09-280000320193us-gaap:OperatingSegmentsMemberaa pl:AmericasSegmentMember2022-09-252023-09-300000320193us-gaap:OperatingSegmentsMemberaapl:EuropeSegmentMember2022-09-252 023-09-300000320193us-gaap:OperatingSegmentsMemberaapl:GreaterChinaSegmentMember2022-09-252023-09-300000320193us-gaap:Op eratingSegmentsMemberaapl:JapanSegmentMember2022-09-252023-09-300000320193us-gaap:OperatingSegmentsMemberaapl:RestOfAsia PacificSegmentMember2022-09-252023-09-300000320193us-gaap:CorporateNonSegmentMember2022-09-252023-09-300000320193country :US2024-09-292025-09-270000320193country:US2023-10-012024-09-280000320193country:US2022-09-252023-09-300000320193country :CN2024-09-292025-09-270000320193country:CN2023-10-012024-09-280000320193country:CN2022-09-252023-09-300000320193aapl:Ot herCountriesMember2024-09-292025-09-270000320193aapl:OtherCountriesMember2023-10-012024-09-280000320193aapl:OtherCountri esMember2022-09-252023-09-300000320193country:US2025-09-270000320193country:US2024-09-280000320193country:CN2025-09-2700 00320193country:CN2024-09-280000320193aapl:OtherCountriesMember2025-09-270000320193aapl:OtherCountriesMember2024-09-2800 ☒ ANNUAL REPORT PURSUANT TO SECTION 13 OR 15(d) OF THE SECURITIES EXCHANGE ACT OF 1934 ☐ TRANSITION REPORT PURSUANT TO SECTION 13 OR 15(d) OF THE SECURITIES EXCHANGE ACT OF 1934 Title of each class │Trading symbol(s)│Name of each exchange on which registered Common Stock, $0.00001 par value per share │AAPL │The Nasdaq Stock Market LLC",2025,SEC Form 10-K,Apple Inc.,sec:AAPL:0000320193-25-000079:chunk8
9,AAPL latest 10-K chunk 9,"Indicate by check mark if the Registrant is a well-known seasoned issuer, as defined in Rule 405 of the Securities Act. Indicate by check mark if the Registrant is not required to file reports pursuant to Section 13 or Section 15(d) of the Indicate by check mark whether the Registrant (1) has filed all reports required to be filed by Section 13 or 15(d) of the Securities Exchange Act of 1934 during the preceding 12 months (or for such shorter period that the Registrant was required to file such reports), and (2) has been subject to such filing requirements for the past 90 days. Indicate by check mark whether the Registrant has submitted electronically every Interactive Data File required to be submitted pursuant to Rule 405 of Regulation S-T (§232.405 of this chapter) during the preceding 12 months (or for such Indicate by check mark whether the Registrant is a large accelerated filer, an accelerated filer, a non-accelerated filer, a smaller reporting company, or an emerging growth company. See the definitions of “large accelerated filer,” “accelerated filer,” “smaller reporting company,” and “emerging growth company” in Rule 12b-2 of the Exchange Act. If an emerging growth company, indicate by check mark if the Registrant has elected not to use the extended transition period for complying with any new or revised financial accounting standards provided pursuant to Section 13(a) of the Indicate by check mark whether the Registrant has filed a report on and attestation to its management’s assessment of the effectiveness of its internal control over financial reporting under Section 404(b) of the Sarbanes-Oxley Act (15 U.S.C. 7262(b)) by the registered public accounting firm that prepared or issued its audit report. ☒",2025,SEC Form 10-K,Apple Inc.,sec:AAPL:0000320193-25-000079:chunk9
10,AAPL latest 10-K chunk 10,"If securities are registered pursuant to Section 12(b) of the Act, indicate by check mark whether the financial statements of the registrant included in the filing reflect the correction of an error to previously issued financial Indicate by check mark whether any of those error corrections are restatements that required a recovery analysis of incentive-based compensation received by any of the registrant’s executive officers during the relevant recovery period Indicate by check mark whether the Registrant is a shell company (as defined in Rule 12b-2 of the Act). The aggregate market value of the voting and non-voting stock held by non-affiliates of the Registrant, as of March 28, 2025, the last business day of the Registrant’s most recently completed second fiscal quarter, was approximately $3,253,431,000,000. Solely for purposes of this disclosure, shares of common stock held by executive officers and directors of the Registrant as of such date have been excluded because such persons may be deemed to be affiliates. This determination of executive officers and directors as affiliates is not necessarily a conclusive determination for any 14,776,353,000 shares of common stock were issued and outstanding as of October 17, 2025. Portions of the Registrant’s definitive proxy statement relating to its 2026 annual meeting of shareholders are incorporated by reference into Part III of this Annual Report on Form 10-K where indicated. The Registrant’s definitive proxy statement will be filed with the U.S. Securities and Exchange Commission within 120 days after the end of the [Item │[Market for Registrant’s Common Equity, Related Stockholder Matters and Issuer Purchases of Equity │[19][",2025,SEC Form 10-K,Apple Inc.,sec:AAPL:0000320193-25-000079:chunk10
11,AAPL latest 10-K chunk 11,"[Item │[Management’s Discussion and Analysis of Financial Condition and Results of Operations][31] │[21][ [Item │[Changes in and Disagreements with Accountants on Accounting and Financial Disclosure][40] │[52][ [Item │[Disclosure Regarding Foreign Jurisdictions that Prevent Inspections][49] │[53][ [Item │[Security Ownership of Certain Beneficial Owners and Management and Related Stockholder Matters][59] │[53][ [Item │[Certain Relationships and Related Transactions, and Director Independence][62] │[53][ This Annual Report on Form 10-K (“Form 10-K”) contains forward-looking statements, within the meaning of the Private Securities Litigation Reform Act of 1995, that involve risks and uncertainties. Many of the forward-looking statements are located in Part I, Item 1 of this Form 10-K under the heading “Business” and Part II, Item 7 of this Form 10-K under the heading “Management’s Discussion and Analysis of Financial Condition and Results of Operations.” Forward-looking statements provide current expectations of future events based on certain assumptions and include any statement that does not directly relate to any historical or current fact. For example, statements in this Form 10-K regarding the potential future impact of macroeconomic conditions and tariffs and other measures on the Company’s business and results of operations are forward-looking statements. Forward-looking statements can also be identified by words such as “future,” “anticipates,” “believes,” “estimates,” “expects,” “intends,” “plans,” “predicts,” “will,” “would,” “could,”",2025,SEC Form 10-K,Apple Inc.,sec:AAPL:0000320193-25-000079:chunk11
12,AAPL latest 10-K chunk 12,"“can,” “may,” and similar terms. Forward-looking statements are not guarantees of future performance and the Company’s actual results may differ significantly from the results discussed in the forward-looking statements. Factors that might cause such differences include, but are not limited to, those discussed in Part I, Item 1A of this Form 10-K under the heading “Risk Factors.” The Company assumes no obligation to revise or update any forward-looking statements for any Unless otherwise stated, all information presented herein is based on the Company’s fiscal calendar, and references to particular years, quarters, months or periods refer to the Company’s fiscal years ended in September and the associated quarters, months and periods of those fiscal years. Each of the terms the “Company” and “Apple” as used herein refers collectively to Apple Inc. and its wholly owned subsidiaries, unless otherwise stated. The Company designs, manufactures and markets smartphones, personal computers, tablets, wearables and accessories, and sells a variety of related services. The Company’s fiscal year is the 52- or 53-week period that ends on the last iPhone® is the Company’s line of smartphones based on its iOS operating system. The iPhone line includes iPhone 17 Pro, Mac® is the Company’s line of personal computers based on its macOS® operating system. The Mac line includes laptops MacBook Air® and MacBook Pro®, as well as desktops iMac®, Mac mini®, Mac Studio® and Mac Pro®. iPad® is the Company’s line of multipurpose tablets based on its iPadOS® operating system. The iPad line includes iPad Wearables includes smartwatches, wireless headphones and spatial computers. The Company’s line of smartwatches, based on",2025,SEC Form 10-K,Apple Inc.,sec:AAPL:0000320193-25-000079:chunk12
13,AAPL latest 10-K chunk 13,"its watchOS® operating system, includes Apple Watch® Series 11, Apple Watch SE® 3 and Apple Watch Ultra® 3. The Company’s line of wireless headphones includes AirPods®, AirPods Pro®, AirPods Max® and Beats® products. Apple Vision Pro™ is the Company’s spatial computer based on its visionOS® operating system. Home includes Apple TV 4K®, the Company’s media streaming and gaming device based on its tvOS® operating system, and The Company’s advertising services include third-party licensing arrangements and the Company’s own advertising The Company offers a portfolio of fee-based service and support products under the AppleCare® brand. The offerings provide priority access to Apple technical support, access to the global Apple authorized service network for repair and replacement services, and in many cases additional coverage for instances of accidental damage or theft and loss, The Company’s cloud services store and keep customers’ content up-to-date and available across multiple Apple devices The Company operates various platforms, including the App Store®, that allow customers to discover and download applications and digital content, such as books, music, video, games and podcasts. The Company also offers digital content through subscription-based services, including Apple Arcade®, a game service; Apple Fitness+®, a personalized fitness service; Apple Music®, which offers users a curated listening experience with on-demand radio stations; Apple News+®, a news and magazine service; and Apple TV®, which offers exclusive original The Company offers payment services, including Apple Card®, a co-branded credit card, and Apple Pay®, a cashless payment",2025,SEC Form 10-K,Apple Inc.,sec:AAPL:0000320193-25-000079:chunk13
14,AAPL latest 10-K chunk 14,"The Company manages its business primarily on a geographic basis. The Company’s reportable segments consist of the Americas, Europe, Greater China, Japan and Rest of Asia Pacific. Americas includes both North and South America. Europe includes European countries, as well as India, the Middle East and Africa. Greater China includes China mainland, Hong Kong and Taiwan. Rest of Asia Pacific includes Australia, New Zealand and those Asian countries not included in the Company’s other reportable segments. Although the reportable segments provide similar hardware and software products and similar services, each one is managed separately to better align with the location of the Company’s customers and The Company’s customers are primarily in the consumer, small and mid-sized business, education, enterprise and government markets. The Company sells its products and resells third-party products in most of its major markets directly to customers through its retail and online stores and its direct sales force. The Company sells its services in the same markets through its various service platforms. The Company also employs a variety of indirect distribution channels, such as third-party cellular network carriers and other resellers, for the sale of its products and certain of its services. During 2025, the Company’s net sales through its direct and indirect distribution channels accounted for The markets for the Company’s products and services are highly competitive and are characterized by aggressive price competition, downward pressure on gross margins, continual improvement in product performance, and price sensitivity on the part of consumers and businesses. The markets in which the Company competes are further defined by frequent",2025,SEC Form 10-K,Apple Inc.,sec:AAPL:0000320193-25-000079:chunk14
15,AAPL latest 10-K chunk 15,"introduction of new products and services, short product life cycles, evolving industry standards, and rapid adoption of technological advancements by competitors. Many of the Company’s competitors seek to compete primarily through aggressive pricing and very low cost structures, and by imitating the Company’s products and infringing on its The Company’s ability to compete successfully depends heavily on ensuring the continuing and timely introduction of innovative new products, services and technologies to the marketplace. The Company designs and develops nearly the entire solution for its products, including the hardware, operating system, numerous software applications and related services. Principal competitive factors important to the Company include price, product and service features (including security features), relative price and performance, product and service quality and reliability, design and technology innovation, a strong third-party software and accessories ecosystem, marketing and distribution capability, service and support, corporate reputation, and the ability to effectively protect and enforce the Company’s intellectual property The Company is focused on expanding its market opportunities related to smartphones, personal computers, tablets, wearables and accessories, and services. The Company’s products and services face substantial competition from companies that have significant technical, marketing, distribution and other resources, as well as established hardware, software, and service offerings with large customer bases. In addition, the Company faces significant competition as competitors imitate the Company’s product features and applications within their products to offer more competitive solutions. The",2025,SEC Form 10-K,Apple Inc.,sec:AAPL:0000320193-25-000079:chunk15
16,AAPL latest 10-K chunk 16,"Company also expects competition to intensify as competitors imitate the Company’s approach to providing components seamlessly within their offerings or work collaboratively to offer integrated solutions. Some of the Company’s competitors have broad product lines, low-priced products, large installed bases of active devices, and large customer bases. Competition has been particularly intense as competitors have aggressively cut prices and lowered product margins. Certain competitors have the resources, experience or cost structures to provide products and services at little or no profit or even at a loss. The Company has a minority market share in the global smartphone, personal computer, tablet and wearables markets, and some of the markets in which the Company competes have from time to time Although most components essential to the Company’s business are generally available from multiple sources, certain components are currently obtained from single or limited sources. The Company also competes for various components with other participants in the markets for smartphones, personal computers, tablets, wearables and accessories. Therefore, many components used by the Company, including those that are available from multiple sources, are at times subject to industry-wide shortage and significant commodity pricing fluctuations. Restrictions on international trade can increase the cost or limit the availability of the Company’s products and the components and rare earths and other raw materials The Company uses some custom components that are not commonly used by its competitors, and new products introduced by the Company often utilize custom components available from only one source. When a component or product uses new",2025,SEC Form 10-K,Apple Inc.,sec:AAPL:0000320193-25-000079:chunk16
17,AAPL latest 10-K chunk 17,"technologies, initial capacity constraints may exist until the suppliers’ yields have matured or their manufacturing capacities have increased. The Company has entered into agreements for the supply of many components; however, the Company may not be able to extend or renew agreements for the supply of components on similar terms, or at all, and may not be successful in obtaining sufficient quantities from its suppliers or in a timely manner, or in identifying and obtaining sufficient quantities from an alternative source. In addition, component suppliers may fail, be subject to consolidation within a particular industry, or decide to concentrate on the production of common components instead of components customized to meet the Company’s requirements, further limiting the Company’s ability to obtain sufficient Because the industries in which the Company competes are characterized by rapid technological advances, the Company’s ability to compete successfully depends heavily upon its ability to ensure a continual and timely flow of competitive products, services and technologies to the marketplace. The Company continues to develop new technologies to enhance existing products and services, and to expand the range of its offerings through research and development (“R&D”), licensing of intellectual property and acquisition of third-party businesses and technology. The Company currently holds a broad collection of intellectual property rights relating to certain aspects of its hardware, software and services. This includes patents, designs, copyrights, trademarks, trade secrets and other forms of intellectual property rights in the U.S. and various foreign countries. Although the Company believes the ownership",2025,SEC Form 10-K,Apple Inc.,sec:AAPL:0000320193-25-000079:chunk17
18,AAPL latest 10-K chunk 18,"of such intellectual property rights is an important factor in differentiating its business and that its success does depend in part on such ownership, the Company relies primarily on the innovative skills, technical competence and The Company regularly files patent, design, copyright and trademark applications to protect innovations arising from its hardware, software and service research, development, design and marketing, and is currently pursuing thousands of applications around the world. Over time, the Company has accumulated a large portfolio of issued and registered intellectual property rights around the world. No single intellectual property right is solely responsible for protecting the Company’s products and services. The Company believes the duration of its intellectual property rights is In addition to Company-owned intellectual property, many of the Company’s products and services include technology or intellectual property that must be licensed from third parties. It may be necessary in the future to seek or renew licenses relating to various aspects of the Company’s products, processes and services. While the Company has generally been able to obtain such licenses on commercially reasonable terms in the past, there is no guarantee that such licenses The Company has historically experienced higher net sales in its first quarter compared to other quarters in its fiscal year due in part to seasonal holiday demand. Additionally, new product and service introductions can significantly impact net sales, cost of sales and operating expenses. The timing of product introductions can also impact the Company’s net sales to its indirect distribution channels as these channels are filled with new inventory following a",2025,SEC Form 10-K,Apple Inc.,sec:AAPL:0000320193-25-000079:chunk18
19,AAPL latest 10-K chunk 19,"product launch, and channel inventory of an older product often declines as the launch of a newer product approaches. Net sales can also be affected when consumers and distributors anticipate a product introduction. The Company believes that its people play an important role in its success, and strives to attract, develop and retain the best talent. The Company works to create a culture of collaboration, one where people with a broad range of backgrounds and perspectives can come together to innovate and do the best work of their lives. The Company is an equal opportunity employer committed to inclusion and to providing a workplace free of harassment or discrimination. As of September 27, 2025, the Company had approximately 166,000 full-time equivalent employees. The Company believes that compensation should be competitive and equitable, and offers discretionary cash and equity awards to enable employees to share in the Company’s success. The Company recognizes its people are most likely to thrive when they have the resources to meet their needs and the time and support to succeed in their professional and personal lives. In support of this, the Company offers a wide variety of benefits for employees around the world, The Company invests in resources to help its people develop and achieve their career goals. The Company offers programs through Apple University on leadership, management and influence, as well as Apple culture and values. Team members can also take advantage of online classes for business, technical and personal development. The Company believes that open and honest communication among team members, managers and leaders helps create an open,",2025,SEC Form 10-K,Apple Inc.,sec:AAPL:0000320193-25-000079:chunk19
20,AAPL latest 10-K chunk 20,"collaborative work environment where everyone can contribute, grow and succeed. Team members are encouraged to come to their managers with questions, feedback or concerns, and the Company conducts surveys that gauge employee sentiment in The Company is committed to the safety and security of its team members everywhere it operates. The Company supports employees with general safety, security and crisis management training, and by putting specific programs in place for The Company’s Annual Reports on Form 10-K, Quarterly Reports on Form 10-Q, Current Reports on Form 8-K, and amendments to reports filed pursuant to Sections 13(a) and 15(d) of the Securities Exchange Act of 1934, as amended (“Exchange Act”), are filed with the U.S. Securities and Exchange Commission (“SEC”). Such reports and other information filed by the Company with the SEC are available free of charge at investor.apple.com/investor-relations/sec-filings/default.aspx when such reports are available on the SEC’s website. The Company periodically provides certain information for investors on its corporate website, www.apple.com, and its investor relations website, investor.apple.com. This includes press releases and other information about financial performance, information on corporate governance, and details related to the Company’s annual meeting of shareholders. The information contained on the websites referenced in this Form 10-K is not incorporated by reference into this filing. Further, the Company’s references to website URLs are The following summarizes factors that could have a material adverse effect on the Company’s business, reputation, results of operations, financial condition and stock price. The Company may not be able to accurately predict, control",2025,SEC Form 10-K,Apple Inc.,sec:AAPL:0000320193-25-000079:chunk20
21,AAPL latest 10-K chunk 21,"or mitigate these risks. Statements in this section are based on the Company’s beliefs and opinions regarding matters that could materially adversely affect the Company in the future and are not representations as to whether such matters have or have not occurred previously. The risks and uncertainties described below are not exhaustive and should not be considered a complete statement of all potential risks or uncertainties that the Company faces or may face in the This section should be read in conjunction with Part II, Item 7, “Management’s Discussion and Analysis of Financial Condition and Results of Operations” and the consolidated financial statements and accompanying notes in Part II, Item The Company’s operations and performance depend significantly on global and regional economic conditions and adverse economic conditions can materially adversely affect the Company’s business, results of operations, financial condition The Company has international operations with sales outside the U.S. representing a majority of the Company’s total net sales. In addition, the Company’s global supply chain is large and complex and a majority of the Company’s supplier facilities, including manufacturing and assembly sites, are located outside the U.S. As a result, the Company’s operations and performance depend significantly on global and regional economic conditions. Adverse macroeconomic conditions, including slow growth or recession, high unemployment, inflation, tighter credit, higher interest rates, and currency fluctuations, can adversely impact consumer confidence and spending and materially adversely affect demand for the Company’s products and services. In addition, consumer confidence and spending can be",2025,SEC Form 10-K,Apple Inc.,sec:AAPL:0000320193-25-000079:chunk21
22,AAPL latest 10-K chunk 22,"materially adversely affected in response to changes in fiscal and monetary policy, financial market volatility, Uncertainty about, or a decline in, global or regional economic conditions can also have a significant impact on the Company’s suppliers, contract manufacturers, logistics providers, distributors, cellular network carriers and other channel partners, and developers. Potential outcomes include financial instability; inability to obtain credit to Adverse economic conditions can also lead to increased credit and collectibility risk on the Company’s trade receivables; the failure of derivative counterparties and other financial institutions; limitations on the Company’s ability to issue new debt; reduced liquidity; and declines in the fair values of the Company’s financial instruments. These and other impacts can materially adversely affect the Company’s business, results of operations, financial The Company’s business can be impacted by political events, trade and other international disputes, geopolitical tensions, conflict, terrorism, natural disasters, public health issues, industrial accidents and other business Political events, trade and other international disputes, geopolitical tensions, conflict, terrorism, natural disasters, public health issues, industrial accidents and other business interruptions can have a material adverse effect on the Company and its customers, employees, suppliers, contract manufacturers, logistics providers, distributors, cellular The Company has a large, global business with sales outside the U.S. representing a majority of the Company’s total net sales, and the Company believes that it generally benefits from growth in international trade. A significant majority of",2025,SEC Form 10-K,Apple Inc.,sec:AAPL:0000320193-25-000079:chunk22
23,AAPL latest 10-K chunk 23,"the Company’s manufacturing is performed in whole or in part by outsourcing partners located primarily in China mainland, India, Japan, South Korea, Taiwan and Vietnam, in addition to sourcing from partners and facilities located in the U.S. Restrictions on international trade, such as tariffs and other controls on imports or exports of goods, technology or data, can materially adversely affect the Company’s business and supply chain. The impact can be particularly significant if these restrictive measures apply to countries and regions where the Company derives a significant portion of its revenues and/or has significant supply chain operations. Restrictive measures can increase the cost or limit the availability of the Company’s products and the components and rare earths and other raw materials that go into them. Restrictive measures can also require the Company to change suppliers, restructure business relationships and operations, refrain from offering and distributing or cease to offer and distribute affected products, services and third-party applications to its customers, and increase the prices of its products and services. Changing the Company’s business and supply chain in accordance with new or changed restrictions on international trade can be expensive, time-consuming and disruptive to the Company’s business and results of operations. Trade and other international disputes can also have an adverse impact on the overall macroeconomic environment and result in shifts and reductions in consumer spending and negative consumer sentiment for the Company’s products and services, all of which can further adversely affect the Company’s business and results of operations. Such restrictions can be announced with",2025,SEC Form 10-K,Apple Inc.,sec:AAPL:0000320193-25-000079:chunk23
24,AAPL latest 10-K chunk 24,"little or no advance notice, which can create uncertainty, and the Company may not be able to effectively mitigate any or all adverse impacts from such measures. Global supply chains can be highly concentrated, and an escalation of geopolitical tensions or conflict could result in significant disruptions. Beginning in the second quarter of 2025, new tariffs were announced on imports to the U.S. (“U.S. Tariffs”), including additional tariffs on imports from China, India, Japan, South Korea, Taiwan, Vietnam and the European Union (“EU”), among others. In response, several countries have imposed, or threatened to impose, reciprocal tariffs on imports from the U.S. and other retaliatory measures. Various modifications to the U.S. Tariffs have been announced and further changes could be made in the future, which may include additional sector-based tariffs or other measures. For example, the U.S. Department of Commerce has initiated an investigation under Section 232 of the Trade Expansion Act of 1962, as amended, into, among other things, imports of semiconductors, semiconductor manufacturing equipment, and their derivative products, including downstream products that contain semiconductors. The ultimate impact remains uncertain and will depend on several factors, including whether additional or incremental U.S. Tariffs or other measures are announced or imposed, to what extent other countries implement tariffs or other retaliatory measures in response, and the overall magnitude and duration of these measures. If disputes and conflicts further escalate, actions by governments in response could be significantly more severe and Many of the Company’s operations, retail stores and facilities, as well as critical business operations of the Company’s",2025,SEC Form 10-K,Apple Inc.,sec:AAPL:0000320193-25-000079:chunk24
25,AAPL latest 10-K chunk 25,"suppliers and contract manufacturers, are in locations that are prone to earthquakes and other natural disasters. Global climate change is resulting in certain types of natural disasters and extreme weather occurring more frequently or with more intense effects. In addition, the Company’s and its suppliers’ operations, retail stores and facilities are subject to the risk of interruption by fire, power shortages, nuclear power plant accidents and other industrial accidents, terrorist attacks and other hostile acts, ransomware and other cybersecurity attacks, labor disputes, public health Such events can make it difficult or impossible for the Company to manufacture and deliver products to its customers, create delays and inefficiencies in the Company’s supply and manufacturing chain, result in slowdowns and outages to the Company’s service offerings, increase the Company’s costs, and negatively impact consumer spending and demand in The Company’s operations are also subject to the risks of industrial accidents at its suppliers and contract manufacturers. While the Company’s suppliers are required to maintain safe working environments and operations, an industrial accident could occur and could result in serious injuries or loss of life, disruption to the Company’s business, and harm to the Company’s reputation. Major public health issues, including pandemics such as the COVID-19 pandemic, have adversely affected, and could in the future materially adversely affect, the Company due to their impact on the global economy and demand for consumer products; the imposition of protective public safety measures, such as stringent employee travel restrictions and limitations on freight services and the movement of products between regions;",2025,SEC Form 10-K,Apple Inc.,sec:AAPL:0000320193-25-000079:chunk25
26,AAPL latest 10-K chunk 26,"and disruptions in the Company’s operations, supply chain and sales and distribution channels, resulting in interruptions to the supply of current products and offering of existing services, and delays in production ramps of new Following any interruption to its business, the Company can require substantial recovery time, incur significant expenditures to resume operations, and lose significant sales. Because the Company relies on single or limited sources for the supply and manufacture of many critical components, a business interruption affecting such sources would exacerbate any negative consequences to the Company. While the Company maintains insurance coverage for certain types of losses, such insurance coverage may be insufficient to cover all losses that may arise. Any of the foregoing can materially adversely affect the Company’s business, results of operations, financial condition and stock price. Global markets for the Company’s products and services are highly competitive and subject to rapid technological change, The Company’s products and services are offered in highly competitive global markets. These markets are characterized by aggressive price competition, downward pressure on gross margins, continual improvement in product performance, and price sensitivity on the part of consumers and businesses. These markets are further defined by frequent introduction of new products and services, short product life cycles, evolving industry standards, and rapid adoption of technological The Company’s ability to compete successfully depends heavily on ensuring the continuing and timely introduction of innovative new products, services and technologies to the marketplace. The Company designs and develops nearly the",2025,SEC Form 10-K,Apple Inc.,sec:AAPL:0000320193-25-000079:chunk26
27,AAPL latest 10-K chunk 27,"entire solution for its products, including the hardware, operating system, numerous software applications and related services. As a result, the Company must make significant investments in R&D. These investments may not achieve expected returns, and the Company may not be able to develop and market new products and services successfully. The Company’s ability to compete successfully also depends on the effective protection and enforcement of its intellectual property rights. Regulatory requirements, government investigations and litigation can force the Company to withdraw from, or modify its products and services for, certain countries and limit its ability to derive value from, or to enjoin others from using, its intellectual property rights. Additionally, they may require the Company to share its innovations with competitors. Any of these outcomes can have a negative impact on the Company’s competitive advantage and materially adversely affect its business, results of operations, financial condition and stock price. The Company currently holds a significant number of patents, trademarks and copyrights and has registered, and applied to register, additional patents, trademarks and copyrights. In contrast, many of the Company’s competitors seek to compete primarily through aggressive pricing and very low cost structures, and by imitating the Company’s products and infringing on its intellectual property. Effective intellectual property protection is not consistently available in every country in which the Company operates. If the Company is unable to continue to develop and sell innovative new products with attractive margins or if competitors infringe on the Company’s intellectual property, the Company’s",2025,SEC Form 10-K,Apple Inc.,sec:AAPL:0000320193-25-000079:chunk27
28,AAPL latest 10-K chunk 28,"ability to maintain a competitive advantage could be materially adversely affected. The Company’s products and services face substantial competition from companies that have significant technical, marketing, distribution and other resources, as well as established hardware, software and service offerings. In addition, the Company faces significant competition as competitors imitate the Company’s product features and applications within their products to offer more competitive solutions. The Company also expects competition to intensify as competitors imitate the Company’s approach to providing components seamlessly within their offerings or work collaboratively to offer integrated solutions. Some of the Company’s competitors have broad product lines, low-priced products, large installed bases of active devices, and large customer bases. Competition has been particularly intense as competitors have aggressively cut prices and lowered product margins. Certain competitors have the resources, experience or cost structures to provide products and services at little or no profit or even at a loss. The Company has a minority market share in the global smartphone, personal computer, tablet and wearables markets, and some of the markets in which the Company competes have from time to time experienced little to no growth or contracted If the Company is unable to compete successfully, its business, reputation, results of operations, financial condition To remain competitive and stimulate customer demand, the Company must successfully manage frequent introductions and Due to the highly volatile and competitive nature of the markets and industries in which the Company competes, the",2025,SEC Form 10-K,Apple Inc.,sec:AAPL:0000320193-25-000079:chunk28
29,AAPL latest 10-K chunk 29,"Company must continually introduce new products, services and technologies, enhance existing products and services, effectively stimulate customer demand for new and upgraded products and services, navigate global regulatory requirements and barriers to market access, and successfully manage the transition to these new and upgraded products and services. The success of new product and service introductions depends on a number of factors, including the Company’s ability to recruit and retain highly skilled personnel to execute on its strategic initiatives, and the timely and successful development and market acceptance of new products, services and technologies. Success also relies on the Company’s ability to manage the risks associated with new technologies and production ramp-up issues, the effective integration of third-party services and technologies into the Company’s products and services, the availability, delivery and performance of application software or other third-party support for the Company’s products and services, the effective management of manufacturing and other purchase commitments and the management of inventory levels in line with anticipated product demand, and the availability of products in appropriate quantities and at expected costs to meet anticipated demand. Additionally, quality issues or other defects or deficiencies can adversely affect the success of new product and service introductions and market acceptance. New products, services and technologies may replace or supersede existing offerings and may produce lower revenues and lower profit margins. The Company may not be able to successfully manage future introductions and transitions of products and services, which can materially adversely affect",2025,SEC Form 10-K,Apple Inc.,sec:AAPL:0000320193-25-000079:chunk29
30,AAPL latest 10-K chunk 30,"the Company’s business, reputation, results of operations, financial condition and stock price. The Company depends on component and product manufacturing and logistical services provided by outsourcing partners, A significant majority of the Company’s manufacturing is performed in whole or in part by outsourcing partners located primarily in China mainland, India, Japan, South Korea, Taiwan and Vietnam, in addition to sourcing from partners and facilities located in the U.S. The Company relies on single-source partners in the U.S., Asia and Europe to supply and manufacture many components, and on partners primarily located in Asia, for final assembly of substantially all of the Company’s hardware products. The Company has also outsourced much of its transportation and logistics management. While these arrangements can lower operating costs, they also reduce the Company’s direct control over production and distribution. Such diminished control has from time to time had, and may in the future have, an adverse effect on the cost, quality or quantity of products manufactured or services provided, or adversely affect the Company’s flexibility to respond to changing conditions. Although arrangements with these partners may contain provisions for product defect expense reimbursement, the Company generally remains responsible to the consumer for warranty and out-of-warranty service in the event of product defects and experiences unanticipated product defect liabilities from time to time. While the Company relies on its partners to adhere to its supplier code of conduct, violations of the supplier code of conduct occur from time to time and can materially adversely affect the Company’s business, reputation, results of",2025,SEC Form 10-K,Apple Inc.,sec:AAPL:0000320193-25-000079:chunk30
31,AAPL latest 10-K chunk 31,"Changes or additions to the Company’s supply chain require considerable time and resources and involve significant risks and uncertainties, including exposure to additional regulatory and operational risks. Future operating results depend upon the Company’s ability to obtain components in sufficient quantities on commercially Because the Company currently obtains certain components from single or limited sources, the Company is subject to significant supply and pricing risks. Many components, including those that are available from multiple sources, are at times subject to industry-wide shortages and significant commodity pricing fluctuations that can materially adversely affect the Company’s business, results of operations, financial condition and stock price. For example, the global semiconductor industry has in the past experienced high demand and shortages of supply, which adversely affected the Company’s ability to obtain sufficient quantities of components and products on commercially reasonable terms, or at Additionally, the Company’s new products often utilize custom components available from only one source. When a component or product uses new technologies, initial capacity constraints may exist until the suppliers’ yields have matured or their manufacturing capacities have increased. The Company may not be able to extend or renew agreements for the supply of components on similar terms, or at all, and may not be successful in obtaining sufficient quantities from its suppliers in a timely manner, or in identifying and obtaining sufficient quantities from an alternative source. In addition, component suppliers may fail, be subject to consolidation within a particular industry, or decide to",2025,SEC Form 10-K,Apple Inc.,sec:AAPL:0000320193-25-000079:chunk31
32,AAPL latest 10-K chunk 32,"concentrate on the production of common components instead of components customized to meet the Company’s requirements, further limiting the Company’s ability to obtain sufficient quantities of components on commercially reasonable terms, or at all. Therefore, the Company remains subject to significant risks of supply shortages and price increases that can materially adversely affect its business, results of operations, financial condition and stock price. The Company’s products and services may be affected from time to time by design and manufacturing defects that could materially adversely affect the Company’s business and result in harm to the Company’s reputation. The Company offers complex hardware and software products and services that can be affected by design and manufacturing defects. Sophisticated operating system software and applications, such as those offered by the Company, often have issues that can unexpectedly interfere with the intended operation of hardware or software products and services. Defects can also exist in components and products the Company purchases from third parties. Component defects could make the Company’s products unsafe and create a risk of environmental or property damage and personal injury. These risks may increase as the Company’s products are introduced into specialized applications, including health. In addition, the Company’s service offerings can have quality issues and from time to time experience outages, service slowdowns or errors. As a result, from time to time the Company’s services have not performed as anticipated and may not meet customer expectations. The introduction of new and complex technologies, such as artificial intelligence features, can",2025,SEC Form 10-K,Apple Inc.,sec:AAPL:0000320193-25-000079:chunk32
33,AAPL latest 10-K chunk 33,"increase these and other safety risks, including exposing users to harmful, inaccurate or other negative content and experiences. The Company may not be able to detect and fix all issues and defects in the hardware, software and services it offers, which can result in widespread technical and performance issues affecting the Company’s products and services. Errors, bugs and vulnerabilities can be exploited by third parties, compromising the safety and security of a user’s device. In addition, the Company can be exposed to product liability claims, recalls, product replacements or modifications, write-offs of inventory, property, plant and equipment or intangible assets, and significant warranty and other expenses, including litigation costs and regulatory fines. Quality problems can adversely affect the experience for users of the Company’s products and services, and result in harm to the Company’s reputation, loss of competitive advantage, poor market acceptance, reduced demand for products and services, delay in new product and service The Company is exposed to the risk of write-downs on the value of its inventory and other assets, in addition to The Company records a write-down for product and component inventories if cost exceeds net realizable value. The Company reviews other assets, including capital assets held at its suppliers’ facilities, inventory prepayments and other long-lived assets, for impairment whenever events or circumstances indicate the assets may not be recoverable. Although the Company believes its inventory, capital assets, inventory prepayments and other assets are currently recoverable, the Company may incur write-downs, impairments and other charges given the rapid and unpredictable pace of product",2025,SEC Form 10-K,Apple Inc.,sec:AAPL:0000320193-25-000079:chunk33
34,AAPL latest 10-K chunk 34,"The Company orders components for its products and builds inventory in advance of product announcements and shipments. Manufacturing purchase obligations cover the Company’s forecasted component and manufacturing requirements, typically for periods up to 150 days. Because the Company’s markets are volatile, competitive and subject to rapid technology and price changes, there is a risk the Company will forecast incorrectly and order or produce excess or insufficient amounts of components or products, or not fully utilize purchase commitments. The Company accrues necessary cancellation fee The Company relies on access to third-party intellectual property, which may not be available to the Company on The Company’s products and services include technology or intellectual property that must be licensed from third parties. In addition, because of technological changes in the industries in which the Company currently competes or in the future may compete, current extensive intellectual property coverage and the rapid rate of new intellectual property rights generation, the Company’s products and services may be alleged to infringe existing intellectual property rights of others. This risk may be exacerbated by the use of new and emerging technologies, including machine learning and artificial intelligence, which can involve, among other things, the acquisition and use of copyrighted materials for training as well as the potential reproduction of copyrighted materials in their outputs. From time to time, the Company has been notified that it may be infringing certain intellectual property rights of third parties. The Company is not always able to obtain all necessary licenses to third-party intellectual property rights on commercially reasonable",2025,SEC Form 10-K,Apple Inc.,sec:AAPL:0000320193-25-000079:chunk34
35,AAPL latest 10-K chunk 35,"terms or at all. Failure to obtain the right to use third-party intellectual property, or to use such intellectual property on commercially reasonable terms, can require the Company to modify certain products, services or features or preclude the Company from selling certain products or services and expose the Company to significant licensing costs, all of which can materially adversely affect the Company’s business, reputation, results of operations, financial The Company’s future performance depends in part on support from third-party software developers. The Company believes decisions by customers to purchase its hardware products depend in part on the availability of third-party software applications and services. Third-party developers may discontinue the development and maintenance of software applications and services for the Company’s products. If third-party software applications and services cease to be developed and maintained for the Company’s products, customers may choose not to buy the Company’s products, adversely impacting the Company’s business, results of operations, financial condition and stock price. The Company believes that third-party developer support depends on the perceived benefits of creating software and services for the Company’s products compared to competitors’ platforms, such as Android for smartphones and tablets, Windows for personal computers and tablets, and PlayStation, Nintendo and Xbox for gaming platforms. This analysis may be based on factors such as the market position of the Company and its products, the anticipated revenue that may be generated, expected future growth of product sales, and the costs of developing such applications and services.",2025,SEC Form 10-K,Apple Inc.,sec:AAPL:0000320193-25-000079:chunk35
36,AAPL latest 10-K chunk 36,"The Company’s minority market share in the global smartphone, personal computer, tablet and wearables markets can make developers less inclined to develop or upgrade software for the Company’s products and more inclined to devote their resources to developing and upgrading software for competitors’ products with larger market share. When developers focus their efforts on these competing platforms, the availability and quality of applications for the Company’s devices can The Company relies on the continued availability and development of compelling and innovative software applications for its products. The Company’s products and operating systems are subject to rapid technological change, and when third-party developers are unable to or choose not to keep up with this pace of change, their applications can fail to take advantage of these changes to deliver improved customer experiences, can operate incorrectly, and can result in Failure to obtain or create digital content that appeals to the Company’s customers, or to make such content available on commercially reasonable terms, could have a material adverse impact on the Company’s business, results of operations The Company contracts with numerous third parties to offer their digital content to customers. This includes the right to sell, or offer subscriptions to, third-party content, as well as the right to incorporate specific content into the Company’s own services. The licensing or other distribution arrangements for this content can be for relatively short time periods and do not guarantee the continuation or renewal of these arrangements on commercially reasonable terms, or at all. Some third-party content providers and distributors currently or in the future may offer competing products and",2025,SEC Form 10-K,Apple Inc.,sec:AAPL:0000320193-25-000079:chunk36
37,AAPL latest 10-K chunk 37,"services, and can take actions to make it difficult or impossible for the Company to license or otherwise distribute their content. Other content owners, providers or distributors may seek to limit the Company’s access to, or increase the cost of, such content. The Company may be unable to continue to offer a wide variety of content at commercially The Company also produces its own digital content, which can be costly to produce due to intense and increasing competition for talent, content and subscribers, and may fail to appeal to the Company’s customers. The Company’s success depends largely on the talents and efforts of its team members, the continued service and availability of highly skilled employees, including key personnel, and the Company’s ability to nurture its distinctive Much of the Company’s future success depends on the talents and efforts of its team members and the continued availability and service of key personnel, including its Chief Executive Officer, executive team and other highly skilled employees. Experienced personnel in the technology industry are in high demand and competition for their talents is intense, especially in Silicon Valley, where most of the Company’s key personnel are located. Periods of intense competition for talent in particular fields can lead to increased costs as the Company seeks to offer competitive compensation to recruit and retain highly skilled employees. In addition to competition for talent, workforce dynamics are constantly evolving and the Company must navigate changes effectively in order to achieve its strategic initiatives. Laws and regulations, including immigration, labor and employment laws and export controls, among others, can materially",2025,SEC Form 10-K,Apple Inc.,sec:AAPL:0000320193-25-000079:chunk37
38,AAPL latest 10-K chunk 38,"adversely affect the Company’s ability to recruit and retain a highly skilled, global workforce. If the Company does not effectively manage changing workforce dynamics and regulatory requirements, it could materially adversely affect the Company’s culture, operational flexibility, strategy and costs, all of which can materially adversely affect the Company’s business, reputation, results of operations, financial condition and stock price. The Company believes that its distinctive and inclusive culture is a significant driver of its success. If the Company is unable to nurture its culture, it could materially adversely affect the Company’s ability to recruit and retain the highly skilled employees who are critical to its success, and could otherwise materially adversely affect the Company’s business, reputation, results of operations, financial condition and stock price. The Company distributes its products and certain of its services through cellular network carriers and other resellers, many of which distribute products and services from competitors. Resellers offer financing, installment payment plans or subsidies for users’ purchases of devices, and such plans may be discontinued or modified any time. The Company has invested and will continue to invest in programs to enhance reseller sales, including staffing selected resellers’ stores with Company employees and contractors, improving product placement displays, and developing and making digital marketing assets available to resellers. These programs can require a substantial investment while not assuring return or incremental sales. For example, the purchasing preferences and behaviors of consumers may change, the",2025,SEC Form 10-K,Apple Inc.,sec:AAPL:0000320193-25-000079:chunk38
39,AAPL latest 10-K chunk 39,"financial condition of resellers could weaken, resellers could stop distributing the Company’s products, or uncertainty regarding demand for some or all of the Company’s products could cause resellers to reduce their ordering and marketing of the Company’s products, all of which could materially adversely impact the Company’s business, results of operations, The Company’s business and reputation are impacted by information technology system failures and network disruptions. The Company and its global supply chain are dependent on complex information technology systems and are exposed to information technology system failures or network disruptions caused by natural disasters, accidents, power disruptions, telecommunications failures, acts of terrorism or war, computer viruses, physical or electronic break-ins, ransomware or other cybersecurity incidents, or other events or disruptions. System upgrades, redundancy and other continuity measures may be ineffective or inadequate, and the Company’s or its vendors’ business continuity and disaster recovery planning may not be sufficient for all eventualities. Such failures or disruptions can adversely impact the Company’s business by, among other things, preventing access to the Company’s online services, interfering with customer transactions or impeding the manufacturing and shipping of the Company’s products. These events could materially adversely affect the Company’s business, reputation, results of operations, financial condition and stock price. Losses or unauthorized access to or releases of confidential information, including personal information, could subject the Company to significant reputational, financial, legal and operational consequences.",2025,SEC Form 10-K,Apple Inc.,sec:AAPL:0000320193-25-000079:chunk39
40,AAPL latest 10-K chunk 40,"The Company’s business requires it to use and store confidential information, including personal and sensitive health and financial information with respect to the Company’s customers and employees. The Company devotes significant resources to systems and data security, including through the use of encryption and other security measures intended to protect its systems and data. But these measures cannot provide absolute security, and losses or unauthorized access to or releases of confidential information occur and could materially adversely affect the Company’s business, reputation, The Company’s business also requires it to share confidential information with suppliers and other third parties. The Company relies on global suppliers that are also exposed to ransomware and other malicious attacks that can disrupt business operations. Although the Company takes steps to secure confidential information that is provided to or accessible by third parties working on the Company’s behalf, such measures are not always effective and losses or unauthorized access to, or releases of, confidential information occur. Such incidents and other malicious attacks could materially adversely affect the Company’s business, reputation, results of operations, financial condition and stock The Company experiences malicious attacks and other attempts to gain unauthorized access to its systems on a regular basis. These attacks target the confidentiality, integrity or availability of confidential information and may disrupt normal business operations. Attacks can impair the Company’s ability to attract and retain customers for its products and services, affect its stock price, damage commercial relationships, and expose the Company to litigation or",2025,SEC Form 10-K,Apple Inc.,sec:AAPL:0000320193-25-000079:chunk40
41,AAPL latest 10-K chunk 41,"government investigations, potentially resulting in penalties, fines or judgments. Globally, attacks are expected to continue accelerating in both frequency and sophistication with increasing use by actors of tools and techniques that are designed to circumvent controls, avoid detection, and remove or obfuscate forensic evidence, all of which hinders the Company’s ability to identify, investigate and recover from incidents. In addition, attacks against the Company and Although malicious attacks perpetrated to gain access to confidential information, including personal information, affect many companies across various industries, the Company is at a relatively greater risk of being targeted because of its high profile and the value of the confidential information it creates, owns, manages, stores and processes. As with all companies, the security the Company has implemented may not be sufficient for all eventualities and are vulnerable to hacking, ransomware attacks, employee error, malfeasance, system error, faulty password management or other irregularities. For example, third parties can fraudulently induce the Company’s or its suppliers’ and other third parties’ employees or customers into disclosing usernames, passwords or other sensitive information, which can, in turn, be used for unauthorized access to the Company’s or such suppliers’ or third parties’ systems and services. To help protect customers and the Company, the Company deploys and makes available technologies like multifactor authentication, monitors its services and systems for unusual activity and may freeze accounts under suspicious circumstances, which, among other things, can result in the delay or loss of customer orders or impede customer access to the Company’s",2025,SEC Form 10-K,Apple Inc.,sec:AAPL:0000320193-25-000079:chunk41
42,AAPL latest 10-K chunk 42,"While the Company maintains insurance coverage that is intended to address certain aspects of data security risks, such insurance coverage may be insufficient to cover all losses or all types of claims that may arise. Investment in new business strategies, commercial relationships and acquisitions could disrupt the Company’s ongoing business, present risks not originally contemplated, and materially adversely affect the Company’s business, reputation, The Company has invested, and in the future may invest, in new business strategies, commercial relationships and acquisitions. Such endeavors may involve significant risks and uncertainties, including distraction of management from current operations, greater-than-expected liabilities and expenses, economic, political, legal and regulatory challenges associated with operating in new businesses, regions or countries, inadequate return on capital, potential impairment of tangible and intangible assets, and significant write-offs. Some transactions, including investments and acquisitions, are exposed to additional risks, including failing to obtain required regulatory approvals on a timely basis or at all, a counterparty’s failure to perform or deliver as anticipated, or the imposition of onerous conditions that could delay or prevent the Company from completing a transaction or otherwise limit the Company’s ability to fully realize the anticipated benefits of a transaction. New business strategies and ventures are inherently risky and may not be successful. The Company’s business strategies and investments may not be successful, which could materially adversely affect the Company’s business, reputation, results of operations, financial condition and stock price.",2025,SEC Form 10-K,Apple Inc.,sec:AAPL:0000320193-25-000079:chunk42
43,AAPL latest 10-K chunk 43,"The Company’s business, results of operations and financial condition could be adversely impacted by unfavorable results The Company is subject to various claims, legal proceedings and government investigations that have arisen in the ordinary course of business and have not yet been fully resolved, and new matters may arise in the future. In addition, the Company enters into agreements that include indemnification provisions that can subject the Company to costs and damages in the event of a claim against an indemnified third party. The number of claims, legal proceedings and government investigations involving the Company, and the alleged magnitude of such claims, proceedings and government The Company has faced and continues to face a significant number of patent claims relating to its standards-enabled products, and new claims may arise in the future, including as a result of new legal or regulatory frameworks. For example, technology, data and other intellectual property asset–holding companies frequently assert their intellectual property rights and seek royalties and often enter into litigation based on allegations of infringement or other violations of intellectual property rights. These risks, and the risks of novel claims being attempted, may be exacerbated as new and emerging technologies, including machine learning and artificial intelligence, are further integrated into the Company’s products and services. The Company is vigorously defending infringement actions in courts in several U.S. jurisdictions, as well as internationally in various countries. The plaintiffs in these actions Regardless of the merit of particular claims, defending against litigation or responding to government investigations",2025,SEC Form 10-K,Apple Inc.,sec:AAPL:0000320193-25-000079:chunk43
44,AAPL latest 10-K chunk 44,"can be expensive, time-consuming and disruptive to the Company’s operations. In recognition of these considerations, the Company may enter into agreements or other arrangements to settle litigation and resolve such challenges. However, such agreements may not always be available on acceptable terms, and litigation may still arise. Such agreements can also significantly reduce the Company’s revenue and increase the Company’s cost of sales and operating expenses, materially adversely affecting the Company’s business, results of operations, financial condition and stock price. Additionally, such agreements may require the Company to change its business practices and limit the Company’s ability to offer The outcome of litigation or government investigations is inherently uncertain. If one or more legal matters were resolved against the Company or an indemnified third party in a reporting period for amounts above management’s expectations, the Company’s results of operations, financial condition and stock price for that reporting period could be materially adversely affected. Further, such an outcome can result in significant monetary damages, disgorgement of revenue or profits, remedial corporate measures or injunctive relief against the Company. Adverse resolution of legal matters has from time to time required, and can in the future require, the Company to change its business practices. It can also limit the Company’s ability to enjoin others from using, or to derive value from, its intellectual property rights, and to develop, manufacture, use, import or offer for sale certain products and services, all of which could materially adversely affect the Company’s business, reputation, results of operations, financial condition and stock",2025,SEC Form 10-K,Apple Inc.,sec:AAPL:0000320193-25-000079:chunk44
45,AAPL latest 10-K chunk 45,"While the Company maintains insurance coverage for certain types of claims, such insurance coverage may be insufficient The Company is subject to complex and changing laws and regulations worldwide, which exposes the Company to potential liabilities, increased costs and other adverse effects on the Company’s business. The Company’s global operations are subject to complex and changing laws and regulations worldwide on subjects including antitrust; privacy, data security and data localization; online safety; age verification; consumer protection; advertising, sales, billing and e-commerce; financial services and technology; product liability; intellectual property ownership and infringement; digital platforms; machine learning and artificial intelligence; internet, telecommunications and mobile communications; media, television, film and digital content; availability of third-party software applications and services; labor and employment; anticorruption; import, export and trade; foreign exchange controls and cash repatriation restrictions; anti–money laundering; foreign ownership and investment; national security; tax; and environmental, health and safety, including electronic waste, recycling, product design and climate change. Compliance with these laws and regulations is onerous and expensive. New and changing laws, regulations, executive orders, directives, and enforcement priorities can adversely affect the Company’s business by increasing the Company’s costs, limiting the Company’s ability to offer a product, service or feature to customers, imposing changes to the design of the Company’s products and services, impacting customer demand for the Company’s products and services, and",2025,SEC Form 10-K,Apple Inc.,sec:AAPL:0000320193-25-000079:chunk45
46,AAPL latest 10-K chunk 46,"requiring changes to the Company’s business or supply chain. New and changing laws, regulations, executive orders, directives, and enforcement priorities can also create uncertainty about how such laws and regulations will be interpreted and applied. If the Company is found to have violated such laws and regulations, it could materially adversely affect the Company’s business, reputation, results of operations, financial condition and stock price. Risks and costs related to new and changing laws, regulations, executive orders, directives, and enforcement priorities increase as the Company’s products and services are introduced into specialized applications, including health and financial services, or as the Company expands the use of technologies, such as machine learning and artificial intelligence features, and must navigate new legal, regulatory and ethical considerations relating to such technologies. Regulatory changes and other actions that materially adversely affect the Company’s business may be announced with little or no advance notice and the Company may not be able to effectively mitigate all adverse impacts from such measures. For example, the Company is subject to changing regulations relating to the export and import of its products. The Company’s programs, policies and procedures may not be effective in preventing a violation or a claim of a violation. As a result, the Company’s products could be banned, delayed or prohibited from importation, which could materially adversely affect the Company’s business, reputation, results of operations, financial condition and stock Varied stakeholder expectations about social and other issues expose the Company to potential liabilities, increased",2025,SEC Form 10-K,Apple Inc.,sec:AAPL:0000320193-25-000079:chunk46
47,AAPL latest 10-K chunk 47,"Various stakeholders, including governments, regulators, investors, employees, customers and others, have differing expectations about a wide range of social and other issues related to the Company’s business. The Company makes statements about its values, including the environmental and societal impact of its business, through various reports, information provided on the Company’s website, and in press statements and other communications. The Company also pursues environmental and other goals and initiatives that involve risks and uncertainties, require investments, and depend in part on third-party performance or data that is outside the Company’s control, and the Company may not be able to fully achieve all of its goals and initiatives. Efforts by the Company to advance its business and values, or achieve its goals and further its initiatives, or to align with stakeholders’ expectations, or comply with evolving, varied and at times conflicting federal, state and international laws, executive orders, regulations and standards, or any failure or perceived failure to do so, can result in adverse reactions by consumers and other stakeholders, including the commencement of legal and regulatory proceedings against the Company, and can materially adversely affect the Company’s business, reputation, results of operations, financial condition and stock price. The technology industry, including, in some instances, the Company, is subject to intense media, political and regulatory scrutiny, which exposes the Company to increasing regulation, government investigations, legal actions and From time to time, the Company has made changes to its business, including actions taken in response to litigation,",2025,SEC Form 10-K,Apple Inc.,sec:AAPL:0000320193-25-000079:chunk47
48,AAPL latest 10-K chunk 48,"competition, market conditions and legal and regulatory requirements. The Company expects to make further business changes in the future. For example, in the U.S., the Company has implemented changes to how developers communicate with consumers within apps on the U.S. storefront of the iOS and iPadOS App Store regarding alternative purchasing mechanisms and is currently subject to a court order preventing it from imposing any commission or fee on certain purchases that Globally, several jurisdictions have adopted, or may in the future adopt, competition-related laws and regulations imposing wide-ranging obligations on technology companies and significant limitations on businesses, including the Company. For example, the Company has implemented changes to iOS, iPadOS, the App Store and Safari® in the EU as it seeks to comply with the Digital Markets Act (“DMA”), including new business terms and alternative fee structures for iOS and iPadOS apps, alternative methods of distribution for iOS and iPadOS apps, alternative payment processing for apps across the Company’s operating systems, and additional tools and application programming interfaces for developers. The Company has also continued to make changes to its compliance plan in response to feedback and engagement with the Commission. Although the Company’s compliance plan is intended to address the DMA’s obligations, it has been challenged by the Commission and may be challenged further by private litigants. The DMA provides for significant fines and penalties for noncompliance. While the changes introduced by the Company in the EU are intended to reduce new privacy and security risks that the DMA poses to EU users, many risks will remain. Changes to the Company’s business in response",2025,SEC Form 10-K,Apple Inc.,sec:AAPL:0000320193-25-000079:chunk48
49,AAPL latest 10-K chunk 49,"to the DMA or other laws and regulations could materially adversely affect the Company’s business, reputation, results The Company is also currently subject to antitrust investigations and litigation in various jurisdictions around the world, which can result in legal proceedings and claims against the Company that could, individually or in the aggregate, have a material adverse impact on the Company’s business, results of operations, financial condition and stock price. For example, the Company is subject to civil antitrust lawsuits in the U.S. alleging monopolization or attempted monopolization in the markets for “performance smartphones” and “smartphones” generally in violation of U.S. antitrust laws. In addition, the Company is the subject of investigations in Europe and other jurisdictions relating to App Store terms and conditions. If such investigations or litigation are resolved against the Company, the Company can be exposed to significant fines and may be required to make further changes to its business practices, all of which could materially adversely affect the Company’s business, reputation, results of operations, financial condition and Further, the Company has commercial relationships with other companies in the technology industry that are or may become subject to investigations and litigation that, if resolved against those other companies, could materially adversely affect the Company’s commercial relationships with those business partners and materially adversely affect the Company’s business, results of operations, financial condition and stock price. For example, the Company earns revenue from licensing arrangements with Google LLC (“Google”) and other companies to offer their search services on the Company’s",2025,SEC Form 10-K,Apple Inc.,sec:AAPL:0000320193-25-000079:chunk49
50,AAPL latest 10-K chunk 50,"platforms and applications, and certain of these arrangements are currently subject to government investigations and legal proceedings. On August 5, 2024, Google was found to have violated U.S. antitrust laws. In connection with this finding, on September 2, 2025, the U.S. District Court for the District of Columbia (“D.C. District Court”) ordered certain remedies. The court’s order is subject to further proceedings before the D.C. District Court, which may result in changes to the interpretation or application of the remedies ordered by the court, as well as new or changed remedies being ordered. The court’s order is also subject to appeal by both the U.S. Department of Justice (“DOJ”) and Google. A reversal of the order on appeal could result in imposition of certain remedies initially proposed by the DOJ, such as those prohibiting Google from offering the Company commercial terms for search distribution. If implemented, these remedies could materially adversely affect the Company’s ability to earn revenue from such licensing arrangements. The Company’s business, results of operations, financial condition and stock price can be materially adversely affected, individually or in the aggregate, by the outcomes of such investigations, litigation or changes to laws and regulations in the future. Changes to the Company’s business practices to comply with new laws and regulations or in connection with legal proceedings can negatively impact the reputation of the Company’s products for privacy and security. Such changes in business practices can also otherwise adversely affect the experience for users of the Company’s products and services, and result in harm to the Company’s reputation, loss of competitive advantage, poor market acceptance, reduced",2025,SEC Form 10-K,Apple Inc.,sec:AAPL:0000320193-25-000079:chunk50
51,AAPL latest 10-K chunk 51,"The Company’s business is subject to a variety of U.S. and international laws, rules, policies and other obligations The Company is subject to an increasing number of federal, state and international laws relating to the collection, use, retention, protection and transfer of various types of personal data. In many cases, these laws apply not only to third-party transactions, but also restrict transfers of personal data among the Company and its international subsidiaries. Several jurisdictions have passed laws in this area, and additional jurisdictions are considering imposing additional restrictions or have laws that are pending. These laws continue to develop and may be inconsistent from jurisdiction to jurisdiction. Complying with emerging and changing requirements causes the Company to incur substantial costs and has required and may in the future require the Company to change its business practices. Noncompliance could The Company makes statements about its use and disclosure of personal data through its privacy policy, information provided on its website, press statements and other privacy notices provided to customers. Any failure or perceived failure by the Company to comply with these public statements or with federal, state or international privacy or data protection laws and regulations could result in inquiries, proceedings and penalties from governmental entities or others. Such a failure or perceived failure could also result in reputational impacts, ongoing audit requirements and significant legal liability. The risks of inadvertent disclosure of personal data can increase with the introduction of new and complex technologies, such as artificial intelligence features, further exacerbating such risks.",2025,SEC Form 10-K,Apple Inc.,sec:AAPL:0000320193-25-000079:chunk51
52,AAPL latest 10-K chunk 52,"In addition to the risks generally relating to the collection, use, retention, protection and transfer of personal data, the Company is also subject to specific obligations relating to the collection and processing of data associated with minors, as well as information considered sensitive under applicable laws, such as health, biometric, financial and payment card data. Health, biometric, financial and payment card data are subject to additional privacy, security and breach notification requirements, and the Company is subject to audit by governmental authorities regarding the Company’s compliance with these obligations. If the Company fails to adequately comply with these rules and requirements, the Company can be subject to litigation or government investigations, can be liable for associated The Company is also subject to new and changing laws and regulations regarding online safety, including enhanced protections for minors and mandatory age verification requirements. These laws and regulations can increase regulatory risks by requiring complex compliance measures and significant modifications to the Company’s products, services and operations, and may lead to operational disruptions, heightened privacy and data security risks, increased costs and potential liability and fines, all of which can have a material adverse impact on the Company’s business, financial The Company’s net sales and gross margins are subject to volatility and downward pressure due to a variety of factors. The Company’s gross margins vary significantly across its products, services, geographic segments and distribution channels and can change over time. The Company’s net sales and gross margins are subject to volatility and downward",2025,SEC Form 10-K,Apple Inc.,sec:AAPL:0000320193-25-000079:chunk52
53,AAPL latest 10-K chunk 53,"pressure due to a variety of factors, including: continued industry-wide global product pricing pressures and product pricing actions that the Company may take in response to such pressures; increased competition; the Company’s ability to effectively stimulate demand for certain of its products and services; compressed product life cycles; supply shortages; potential increases in the cost of components, outside manufacturing services, and developing, acquiring and delivering content for the Company’s services; the Company’s ability to manage product quality and warranty costs effectively; shifts in the mix of products and services, or in the geographic, currency or channel mix, including to the extent that regulatory changes require the Company to modify its product and service offerings; fluctuations in foreign exchange rates; inflation and other macroeconomic pressures; the imposition of new or increased tariffs and other trade restrictions, their overall magnitude and duration, and retaliatory actions in response; and the introduction of new products or services, including new products or services with lower profit margins. These and other factors could have a materially adverse impact on the Company’s results of operations, financial condition and stock price. Further, the Company generates a significant portion of its net sales from a single product category and a decline in demand for that The Company’s financial performance is subject to risks associated with changes in the value of the U.S. dollar relative The Company’s primary exposure to movements in foreign exchange rates relates to non–U.S. dollar–denominated sales, cost of sales and operating expenses worldwide. Gross margins on the Company’s products in foreign countries and on products",2025,SEC Form 10-K,Apple Inc.,sec:AAPL:0000320193-25-000079:chunk53
54,AAPL latest 10-K chunk 54,"that include components obtained from foreign suppliers have in the past been adversely affected and could in the future The weakening of foreign currencies relative to the U.S. dollar adversely affects the U.S. dollar value of the Company’s foreign currency–denominated sales and earnings, and generally leads the Company to raise international pricing, potentially reducing demand for the Company’s products. In some circumstances, for competitive or other reasons, the Company may decide not to raise international pricing to offset the U.S. dollar’s strengthening, which would adversely affect the U.S. dollar value of the gross margins the Company earns on foreign currency–denominated sales. Conversely, a strengthening of foreign currencies relative to the U.S. dollar, while generally beneficial to the Company’s foreign currency–denominated sales and earnings, could cause the Company to reduce international pricing or incur losses on its foreign currency derivative instruments, thereby limiting the benefit. Additionally, strengthening of foreign currencies may increase the Company’s cost of product components denominated in those currencies, thus The Company uses derivative instruments, such as foreign currency forward and option contracts, to hedge certain exposures to fluctuations in foreign exchange rates. The use of such hedging activities may not be effective to offset any, or more than a portion, of the adverse financial effects of unfavorable movements in foreign exchange rates over The Company is exposed to credit risk and fluctuations in the values of its investment portfolio. The Company’s investments can be negatively affected by changes in liquidity, credit deterioration, financial results,",2025,SEC Form 10-K,Apple Inc.,sec:AAPL:0000320193-25-000079:chunk54
55,AAPL latest 10-K chunk 55,"market and economic conditions, political risk, sovereign risk, interest rate fluctuations or other factors. As a result, the value and liquidity of the Company’s cash, cash equivalents and marketable securities may fluctuate substantially. Although the Company has not realized significant losses on its cash, cash equivalents and marketable securities, future fluctuations in their value could result in significant losses and could have a material adverse impact on the Company’s results of operations, financial condition and stock price. The Company is exposed to credit risk on its trade accounts receivable, vendor non-trade receivables and prepayments related to long-term supply agreements, and this risk is heightened during periods when economic conditions worsen. The Company distributes its products and certain of its services through third-party cellular network carriers and other resellers. The Company also sells its products and services directly to small and mid-sized businesses and education, enterprise and government customers. A substantial majority of the Company’s outstanding trade receivables are not covered by collateral, third-party bank support or financing arrangements, or credit insurance, and a significant portion of the Company’s trade receivables can be concentrated within cellular network carriers or other resellers. The Company’s exposure to credit and collectibility risk on its trade receivables is higher in certain international markets. The Company also has unsecured vendor non-trade receivables resulting from purchases of components by outsourcing partners and other vendors that manufacture subassemblies or assemble final products for the Company. In",2025,SEC Form 10-K,Apple Inc.,sec:AAPL:0000320193-25-000079:chunk55
56,AAPL latest 10-K chunk 56,"addition, the Company has made prepayments associated with long-term supply agreements to secure supply of inventory components. As of September 27, 2025, the Company’s vendor non-trade receivables were concentrated among a few individual vendors located primarily in Asia. If the Company is unable to monitor and limit exposure to credit risk on its trade and vendor non-trade receivables, as well as long-term prepayments, the Company’s results of operations, The Company is subject to changes in tax rates, the adoption of new U.S. or international tax legislation and exposure The Company is subject to taxes in the U.S. and numerous foreign jurisdictions, including Ireland and Singapore, where a number of the Company’s subsidiaries are organized. Due to economic and political conditions, tax laws and tax rates for income taxes and other non-income taxes in various jurisdictions may be subject to significant change. For example, the Organisation for Economic Co-operation and Development continues to advance proposals for modernizing international tax rules, including the introduction of global minimum tax standards. The Company’s effective tax rates are affected by changes in the mix of earnings in countries with differing statutory tax rates, changes in the valuation of deferred tax assets and liabilities, the introduction of new taxes, and changes in tax laws or their interpretation. The application of tax laws may be uncertain, require significant judgment and be subject to differing interpretations. The Company is also subject to the examination of its tax returns and other tax matters by the U.S. Internal Revenue Service and other tax authorities and governmental bodies. The Company regularly assesses the likelihood of an adverse",2025,SEC Form 10-K,Apple Inc.,sec:AAPL:0000320193-25-000079:chunk56
57,AAPL latest 10-K chunk 57,"outcome resulting from these examinations to determine the adequacy of its provision for taxes. The outcome of such examinations is inherently uncertain. If the Company’s effective tax rates were to increase, or if the ultimate determination of the Company’s taxes owed is for an amount in excess of amounts previously accrued, the Company’s business, results of operations, financial condition and stock price could be materially adversely affected. The Company’s stock has experienced substantial price volatility in the past and may continue to do so in the future. Additionally, the Company, the technology industry and the stock market as a whole have, from time to time, experienced extreme stock price and volume fluctuations that have affected stock prices in ways that may have been unrelated to these companies’ operating performance. Price volatility may cause the average price at which the Company repurchases its stock in a given period to exceed the stock’s price at a given point in time. The Company believes the price of its stock should reflect expectations of future growth and profitability. The Company also believes the price of its stock should reflect expectations that its cash dividend will continue at current levels or grow, and that its current share repurchase program will be fully consummated. Future dividends are subject to declaration by the Company’s Board of Directors (“Board”), and the Company’s share repurchase program does not obligate it to acquire any specific number of shares. If the Company fails to meet expectations related to future growth, profitability, dividends, share repurchases or other market expectations, the price of the Company’s stock may decline significantly, which could have a material",2025,SEC Form 10-K,Apple Inc.,sec:AAPL:0000320193-25-000079:chunk57
58,AAPL latest 10-K chunk 58,"The Company’s management, led by its Head of Corporate Information Security, has overall responsibility for identifying, assessing and managing any material risks from cybersecurity threats. The Company’s Head of Corporate Information Security leads a dedicated Information Security team of highly skilled individuals with experience across industries that, among other things, develops and distributes information security policies, standards and procedures; engages in employee cybersecurity training; implements security controls; assesses security risk and compliance posture; monitors and responds to security events; and executes security testing and assessments. The Company’s Head of Corporate Information Security has extensive knowledge and skills gained from over 25 years of experience in the cybersecurity industry, including serving in leadership positions at other large technology companies and leading the Company’s The Company’s Information Security team coordinates with teams across the Company to prevent, respond to and manage security incidents, and engages third parties, as appropriate, to assess, test or otherwise assist with aspects of its security processes and incident response. A dedicated Supplier Trust team manages information security risks the Company is exposed to through its supplier relationships. The Company has processes to log, track, address, and escalate for further assessment and report, as appropriate, cybersecurity incidents across the Company and its suppliers to senior management and the Audit and Finance Committee (“Audit Committee”) of the Board. The Company’s enterprise risk management program is designed to identify, assess, and monitor the Company’s business risks, including financial,",2025,SEC Form 10-K,Apple Inc.,sec:AAPL:0000320193-25-000079:chunk58
59,AAPL latest 10-K chunk 59,"operational, compliance and reputational risks, and reflects management’s assessment of cybersecurity risks. The Audit Committee assists the Board in the oversight and monitoring of cybersecurity matters. The Audit Committee regularly reviews and discusses the Company’s cybersecurity risks with management, including the Company’s Head of Corporate Information Security, its General Counsel and the Heads of Compliance and Business Conduct, Business Assurance, and Internal Audit, and receives updates, as necessary, regarding cybersecurity incidents. The Chair of the Audit Committee regularly reports the substance of such reviews and discussions to the Board, as necessary, and For a discussion of the Company’s cybersecurity-related risks, see Item 1A of this Form 10-K under the heading “Risk The Company’s headquarters is located in Cupertino, California. As of September 27, 2025, the Company owned or leased facilities and land for corporate functions, R&D, data centers, retail and other purposes at locations throughout the U.S. and in various places outside the U.S. The Company believes its existing facilities and equipment, which are used by all reportable segments, are in good operating condition and are suitable for the conduct of its business. On March 25, 2024, the Commission announced that it had opened a formal noncompliance investigation against the Company under Article 5(4) of the EU DMA (“Article 5(4) Investigation”). The Article 5(4) Investigation relates to how developers may communicate and promote offers to end users for apps distributed through the App Store, as well as how developers may conclude contracts with those end users. On June 24, 2024, the Commission announced that it had opened an",2025,SEC Form 10-K,Apple Inc.,sec:AAPL:0000320193-25-000079:chunk59
60,AAPL latest 10-K chunk 60,"additional formal investigation against the Company regarding whether the Company’s new contractual requirements for third-party app developers and app marketplaces may violate the DMA (“Article 6(4) Investigation”). On April 23, 2025, the Commission fined the Company €500 million in the Article 5(4) Investigation and issued a cease and desist order requiring the Company to remove technical and commercial restrictions that prevent developers from steering users to alternative distribution channels outside the App Store. The Company has appealed the Commission’s Article 5(4) decision. Also on April 23, 2025, the Commission issued preliminary findings in the Article 6(4) Investigation. If the Commission makes a final determination in the Article 6(4) Investigation that there has been a violation, it can issue a cease and desist order and may impose fines up to 10% of the Company’s annual worldwide net sales. The Commission may also seek to impose additional fines if it deems that the Company has violated a cease and desist order. The Company believes that it complies with the DMA and has continued to make changes to its compliance plan in response to feedback On March 21, 2024, the DOJ and a number of state and district attorneys general filed a civil antitrust lawsuit in the U.S. District Court for the District of New Jersey against the Company alleging monopolization or attempted monopolization in the markets for “performance smartphones” and “smartphones” in violation of U.S. antitrust laws. The DOJ is seeking equitable relief to redress the alleged anticompetitive behavior. In addition, various civil litigation matters have been filed in state and federal courts in the U.S. alleging similar violations of U.S. antitrust laws and",2025,SEC Form 10-K,Apple Inc.,sec:AAPL:0000320193-25-000079:chunk60
61,AAPL latest 10-K chunk 61,"seeking monetary damages and other nonmonetary relief. The Company believes it has substantial defenses and intends to Epic Games, Inc. filed a lawsuit in the U.S. District Court for the Northern District of California (“California District Court”) against the Company alleging violations of federal and state antitrust laws and California’s unfair competition law based upon the Company’s operation of its App Store. The California District Court found that certain provisions of the Company’s App Review Guidelines violate California’s unfair competition law and issued an injunction (the “2021 Injunction”) enjoining the Company from prohibiting developers from including in their apps buttons, external links, or other calls to action that direct customers to purchasing mechanisms other than the Company’s in-app purchase system. The 2021 Injunction applies to apps on the U.S. storefronts of the iOS and iPadOS App Stores. On January 16, 2024, the Company implemented a plan to comply with the 2021 Injunction and filed a statement of compliance with the California District Court. On September 30, 2024, the Company filed a motion with the California District Court to narrow or vacate the 2021 Injunction. On April 30, 2025, the California District Court found the Company to be in violation of the 2021 Injunction and enjoined the Company from imposing any commission or any fee on purchases that consumers make outside an app; restricting, conditioning, limiting, or prohibiting how developers guide consumers to purchases outside an app; or otherwise interfering with a consumer’s choice to proceed in or out of an app. The California District Court also denied the Company’s motion to narrow or vacate the 2021 Injunction and referred the",2025,SEC Form 10-K,Apple Inc.,sec:AAPL:0000320193-25-000079:chunk61
62,AAPL latest 10-K chunk 62,"Company to the U.S. Attorney for the Northern District of California for a determination whether criminal contempt proceedings are appropriate. The Company will continue to vigorously defend its actions and employees, and has appealed the California District Court’s most recent decision to the U.S. Court of Appeals for the Ninth Circuit (“Ninth Circuit Court”). Although the Company’s request to stay the decision pending appeal was denied, the Ninth Circuit Court has agreed to consider the Company’s appeal on an expedited basis, with oral arguments heard in October 2025. The Company is subject to other legal proceedings and claims that have not been fully resolved and that have arisen in the ordinary course of business. The Company settled certain matters during the fourth quarter of 2025 that did not individually or in the aggregate have a material impact on the Company’s financial condition or operating results. The outcome of litigation is inherently uncertain. If one or more legal matters were resolved against the Company in a reporting period for amounts above management’s expectations, the Company’s financial condition and operating results Item 5. Market for Registrant’s Common Equity, Related Stockholder Matters and Issuer Purchases of Equity Securities The Company’s common stock is traded on The Nasdaq Stock Market LLC under the symbol AAPL. Share repurchase activity during the three months ended September 27, 2025, was as follows (in millions, except number Periods │Total Number │Average Price │Total Number of Shares │Approximate Dollar Value of │of Shares │Paid Per Share│Purchased as Part of │Shares That May Yet Be",2025,SEC Form 10-K,Apple Inc.,sec:AAPL:0000320193-25-000079:chunk62
63,AAPL latest 10-K chunk 63,"(1)On May 2, 2024, the Company announced a program to repurchase up to $110 billion of the Company’s common stock. During the fourth quarter of 2025, the Company utilized the final $19.8 billion under the May 2024 program. On May 1, 2025, the Company announced an additional program to repurchase up to $100 billion of the Company’s common stock. As of September 27, 2025, $221 million of the May 2025 program had been utilized. The programs do not obligate the Company to acquire a minimum amount of shares. Under the programs, shares may be repurchased in privately negotiated or open market transactions, including under plans complying with Rule 10b5-1 under the Exchange Act. The following graph shows a comparison of five-year cumulative total shareholder return, calculated on a dividend-reinvested basis, for the Company, the S&P 500 Index and the Dow Jones U.S. Technology Total Stock Market Index. The graph assumes $100 was invested in each of the Company’s common stock, the S&P 500 Index and the Dow Jones U.S. Technology Total Stock Market Index as of the market close on September 25, 2020. Past stock price performance is │September 2020│September 2021│September 2022│September 2023│September 2024│September 2025 Item 7. Management’s Discussion and Analysis of Financial Condition and Results of Operations The following discussion should be read in conjunction with the consolidated financial statements and accompanying notes included in Part II, Item 8 of this Form 10-K. This Item generally discusses 2025 and 2024 items and year-to-year comparisons between 2025 and 2024. Discussions of 2023 items and year-to-year comparisons between 2024 and 2023 are not",2025,SEC Form 10-K,Apple Inc.,sec:AAPL:0000320193-25-000079:chunk63
64,AAPL latest 10-K chunk 64,"included, and can be found in “Management’s Discussion and Analysis of Financial Condition and Results of Operations” in Part II, Item 7 of the Company’s Annual Report on Form 10-K for the fiscal year ended September 28, 2024. The Company announces new product, service and software offerings at various times during the year. Significant The Company’s fiscal year is the 52- or 53-week period that ends on the last Saturday of September. An additional week is included in the first fiscal quarter every five or six years to realign the Company’s fiscal quarters with calendar quarters, which occurred in the first quarter of 2023. The Company’s fiscal years 2025 and 2024 spanned 52 weeks each, Macroeconomic conditions, including inflation, interest rates and currency fluctuations, have directly and indirectly impacted, and could in the future materially impact, the Company’s results of operations and financial condition. Beginning in the second quarter of 2025, new U.S. Tariffs were announced, including additional tariffs on imports from China, India, Japan, South Korea, Taiwan, Vietnam and the EU, among others. In response, several countries have imposed, or threatened to impose, reciprocal tariffs on imports from the U.S. and other retaliatory measures. Various modifications to the U.S. Tariffs have been announced and further changes could be made in the future, which may include additional sector-based tariffs or other measures. For example, the U.S. Department of Commerce has initiated an investigation under Section 232 of the Trade Expansion Act of 1962, as amended, into, among other things, imports of semiconductors, semiconductor manufacturing equipment, and their derivative products, including downstream products that",2025,SEC Form 10-K,Apple Inc.,sec:AAPL:0000320193-25-000079:chunk64
65,AAPL latest 10-K chunk 65,"contain semiconductors. Tariffs and other measures that are applied to the Company’s products or their components can have a material adverse impact on the Company’s business, results of operations and financial condition, including impacting the Company’s supply chain, the availability of rare earths and other raw materials and components, pricing and gross margin. The ultimate impact remains uncertain and will depend on several factors, including whether additional or incremental U.S. Tariffs or other measures are announced or imposed, to what extent other countries implement tariffs or other retaliatory measures in response, and the overall magnitude and duration of these measures. Trade and other international disputes can have an adverse impact on the overall macroeconomic environment and result in shifts and reductions in consumer spending and negative consumer sentiment for the Company’s products and services, all of which The following table shows net sales by reportable segment for 2025, 2024 and 2023 (dollars in millions): Americas net sales increased during 2025 compared to 2024 primarily due to higher net sales of iPhone and Services. The weakness in foreign currencies relative to the U.S. dollar had an unfavorable year-over-year impact on Americas net Europe net sales increased during 2025 compared to 2024 primarily due to higher net sales of Services, iPhone and Mac. Greater China net sales decreased during 2025 compared to 2024 primarily due to lower net sales of iPhone, partially Japan net sales increased during 2025 compared to 2024 primarily due to higher net sales of iPhone, Services and iPad. Rest of Asia Pacific net sales increased during 2025 compared to 2024 primarily due to higher net sales of iPhone,",2025,SEC Form 10-K,Apple Inc.,sec:AAPL:0000320193-25-000079:chunk65
66,AAPL latest 10-K chunk 66,"The following table shows net sales by category for 2025, 2024 and 2023 (dollars in millions): (1)Services net sales include amortization of the deferred value of services bundled in the sales price of certain iPhone net sales increased during 2025 compared to 2024 due to higher net sales of Pro models. Mac net sales increased during 2025 compared to 2024 primarily due to higher net sales of laptops and desktops. iPad net sales increased during 2025 compared to 2024 primarily due to higher net sales of iPad Air, iPad mini and iPad, Wearables, Home and Accessories net sales decreased during 2025 compared to 2024 primarily due to lower net sales of Services net sales increased during 2025 compared to 2024 primarily due to higher net sales from advertising, the App Products and Services gross margin and gross margin percentage for 2025, 2024 and 2023 were as follows (dollars in Products gross margin increased during 2025 compared to 2024 primarily due to favorable costs and a different mix of Products gross margin percentage decreased during 2025 compared to 2024 primarily due to a different mix of products and Services gross margin increased during 2025 compared to 2024 primarily due to higher Services net sales and a different Services gross margin percentage increased during 2025 compared to 2024 primarily due to a different mix of services, The Company’s future gross margins can be impacted by a variety of factors, as discussed in Part I, Item 1A of this Form 10-K under the heading “Risk Factors.” As a result, the Company believes, in general, gross margins will be subject to Operating expenses for 2025, 2024 and 2023 were as follows (dollars in millions):",2025,SEC Form 10-K,Apple Inc.,sec:AAPL:0000320193-25-000079:chunk66
67,AAPL latest 10-K chunk 67,"Selling, general and administrative│$│27,601│ │6 │% │$│26,097│ │5 │% │$│24,932│ The growth in R&D expense during 2025 compared to 2024 was primarily driven by increases in headcount-related expenses The growth in selling, general and administrative expense during 2025 compared to 2024 was primarily driven by increases Provision for income taxes, effective tax rate and statutory federal income tax rate for 2025, 2024 and 2023 were as The Company’s effective tax rate for 2025 was lower than the statutory federal income tax rate primarily due to a lower effective tax rate on foreign earnings, including the impact of changes in unrecognized tax benefits, the impact of the U.S. federal R&D credit, and tax benefits from share-based compensation, partially offset by a change in valuation The Company’s effective tax rate for 2025 was lower compared to 2024 due to a $10.7 billion year-over-year decrease in the provision for income taxes related to the State Aid Decision (refer to Note 7, “Income Taxes” in the Notes to Consolidated Financial Statements in Part II, Item 8 of this Form 10-K) and the impact of changes in unrecognized tax benefits, partially offset by a change in valuation allowance and a higher effective tax rate on foreign earnings. The Company believes its balances of cash, cash equivalents and marketable securities, which totaled $132.4 billion as of September 27, 2025, along with cash generated by ongoing operations and continued access to debt markets, will be sufficient to satisfy its cash requirements and capital return program over the next 12 months and beyond. The Company’s material cash requirements include the following contractual obligations:",2025,SEC Form 10-K,Apple Inc.,sec:AAPL:0000320193-25-000079:chunk67
68,AAPL latest 10-K chunk 68,"As of September 27, 2025, the Company had outstanding fixed-rate notes with varying maturities for an aggregate principal amount of $91.3 billion (collectively the “Notes”), with $12.4 billion payable within 12 months. Future interest payments associated with the Notes total $37.0 billion, with $2.6 billion payable within 12 months. The Company also issues unsecured short-term promissory notes pursuant to a commercial paper program. As of September 27, 2025, the Company had $8.0 billion of commercial paper outstanding, which was payable within 12 months. The Company has lease arrangements for certain equipment and facilities, including corporate, data center, manufacturing and retail space. As of September 27, 2025, the Company had fixed lease payment obligations of $16.8 billion, with $2.6 The Company utilizes several outsourcing partners to manufacture subassemblies for the Company’s products and to perform final assembly and testing of finished products. The Company also obtains individual components for its products from a wide variety of individual suppliers. As of September 27, 2025, the Company had manufacturing purchase obligations of The Company’s other purchase obligations primarily consist of noncancelable obligations to acquire capital assets, including assets related to product manufacturing, and noncancelable obligations related to supplier arrangements, licensed intellectual property and content, and distribution rights. As of September 27, 2025, the Company had other purchase obligations of $14.8 billion, with $7.0 billion payable within 12 months. As of September 27, 2025, the balance of the deemed repatriation tax payable imposed by the U.S. Tax Cuts and Jobs Act",2025,SEC Form 10-K,Apple Inc.,sec:AAPL:0000320193-25-000079:chunk68
69,AAPL latest 10-K chunk 69,"In addition to its contractual cash requirements, the Company has an authorized share repurchase program. The program does not obligate the Company to acquire a minimum amount of shares. As of September 27, 2025, the Company’s quarterly cash dividend was $0.26 per share. The Company intends to increase its dividend on an annual basis, subject to In May 2025, the Company announced a new share repurchase program of up to $100 billion and raised its quarterly dividend from $0.25 to $0.26 per share beginning in May 2025. During 2025, the Company repurchased $89.3 billion of its In September 2025, the Financial Accounting Standards Board (“FASB”) issued Accounting Standards Update (“ASU”) No. 2025-06, Intangibles—Goodwill and Other—Internal-Use Software (Subtopic 350-40): Targeted Improvements to the Accounting for Internal-Use Software (“ASU 2025-06”), which modernizes the accounting for internal-use software. ASU 2025-06 removes all references to software development stages and requires capitalization of software costs when management has committed to the software project and it is probable the software will be completed and perform its intended use. ASU 2025-06 will be effective for the Company in its first quarter of 2029, and early adoption is permitted. The Company is In November 2024, the FASB issued ASU No. 2024-03, Income Statement—Reporting Comprehensive Income—Expense Disaggregation Disclosures (Subtopic 220-40): Disaggregation of Income Statement Expenses (“ASU 2024-03”) and in January 2025, the FASB issued ASU No. 2025-01, Income Statement—Reporting Comprehensive Income—Expense Disaggregation Disclosures (Subtopic 220-40): Clarifying the Effective Date, which clarified the effective date of ASU 2024-03. ASU",2025,SEC Form 10-K,Apple Inc.,sec:AAPL:0000320193-25-000079:chunk69
70,AAPL latest 10-K chunk 70,"2024-03 will require the Company to disclose the amounts of purchases of inventory, employee compensation, depreciation and intangible asset amortization, as applicable, included in certain expense captions in the Consolidated Statements of Operations, as well as qualitatively describe remaining amounts included in those captions. ASU 2024-03 will also require the Company to disclose both the amount and the Company’s definition of selling expenses. The Company will adopt In December 2023, the FASB issued ASU No. 2023-09, Income Taxes (Topic 740): Improvements to Income Tax Disclosures (“ASU 2023-09”), which will require the Company to disclose specified additional information in its income tax rate reconciliation and provide additional information for reconciling items that meet a quantitative threshold. ASU 2023-09 will also require the Company to disaggregate its income taxes paid disclosure by federal, state and foreign taxes, with further disaggregation required for significant individual jurisdictions. The Company will adopt ASU 2023-09 in its The preparation of financial statements and related disclosures in conformity with U.S. generally accepted accounting principles (“GAAP”) and the Company’s discussion and analysis of its financial condition and operating results require the Company’s management to make judgments, assumptions and estimates that affect the amounts reported. Note 1, “Summary of Significant Accounting Policies” of the Notes to Consolidated Financial Statements in Part II, Item 8 of this Form 10-K describes the significant accounting policies and methods used in the preparation of the Company’s consolidated financial statements. Management bases its estimates on historical experience and on various other assumptions it",2025,SEC Form 10-K,Apple Inc.,sec:AAPL:0000320193-25-000079:chunk70
71,AAPL latest 10-K chunk 71,"believes to be reasonable under the circumstances, the results of which form the basis for making judgments about the The Company is subject to income taxes in the U.S. and numerous foreign jurisdictions. The evaluation of the Company’s uncertain tax positions involves significant judgment in the interpretation and application of GAAP and complex domestic and international tax laws, including the TCJA and the allocation of international taxation rights between countries. Although management believes the Company’s reserves are reasonable, no assurance can be given that the final outcome of these uncertainties will not be different from that reflected in the Company’s reserves. Reserves are adjusted considering changing facts and circumstances, such as the closing of a tax examination. Resolution of these uncertainties in a manner inconsistent with management’s expectations could have a material impact on the Company’s The Company is subject to various legal proceedings and claims that arise in the ordinary course of business, the outcomes of which are inherently uncertain. The Company records a liability when it is probable a loss has been incurred and the amount is reasonably estimable, the determination of which requires significant judgment. Resolution of legal matters in a manner inconsistent with management’s expectations could have a material impact on the Company’s financial The Company is exposed to economic risk from interest rates and foreign exchange rates. The Company uses various strategies to manage these risks; however, they may still impact the Company’s consolidated financial statements. The Company is primarily exposed to fluctuations in U.S. interest rates and their impact on the Company’s investment",2025,SEC Form 10-K,Apple Inc.,sec:AAPL:0000320193-25-000079:chunk71
72,AAPL latest 10-K chunk 72,"portfolio and term debt. Increases in interest rates will negatively affect the fair value of the Company’s investment portfolio and increase the interest expense on the Company’s term debt. To protect against interest rate risk, the Company may use derivative instruments, offset interest rate–sensitive assets and liabilities, or control duration of The following table sets forth potential impacts on the Company’s investment portfolio and term debt, including the effects of any associated derivatives, that would result from a hypothetical increase in relevant interest rates as of Investment portfolio │100 basis points, all tenors │Decline in fair value │$│2,416│ │$│2,755│ Term debt │100 basis points, all tenors │Increase in annual interest │$│129 │ │$│139 │ The Company’s exposure to foreign exchange rate risk relates primarily to the Company being a net receiver of currencies other than the U.S. dollar. Changes in exchange rates, and in particular a strengthening of the U.S. dollar, will negatively affect the Company’s net sales and gross margins as expressed in U.S. dollars. Fluctuations in exchange rates may also affect the fair values of certain of the Company’s assets and liabilities. To protect against foreign exchange rate risk, the Company may use derivative instruments, offset exposures, or adjust local currency pricing of its products and services. However, the Company may choose to not hedge certain foreign currency exposures for a variety of The Company applied a value-at-risk (“VAR”) model to its foreign currency derivative positions to assess the potential impact of fluctuations in exchange rates. The VAR model used a Monte Carlo simulation. The VAR is the maximum expected",2025,SEC Form 10-K,Apple Inc.,sec:AAPL:0000320193-25-000079:chunk72
73,AAPL latest 10-K chunk 73,"loss in fair value, for a given confidence interval, to the Company’s foreign currency derivative positions due to adverse movements in rates. Based on the results of the model, the Company estimates, with 95% confidence, a maximum one-day loss in fair value of $590 million and $538 million as of September 27, 2025 and September 28, 2024, respectively. Changes in the Company’s underlying foreign currency exposures, which were excluded from the assessment, generally offset changes in the fair values of the Company’s foreign currency derivatives. [Consolidated Statements of Operations for the years ended September 27, 2025, September 28, 2024 and September│[29][ [Consolidated Statements of Comprehensive Income for the years ended September 27, 2025, September 28, 2024 and│[30][ [Consolidated Balance Sheets as of September 27, 2025 and September 28, 2024][78] │[31][ [Consolidated Statements of Shareholders’ Equity for the years ended September 27, 2025, September 28, 2024 and│[32][ [Consolidated Statements of Cash Flows for the years ended September 27, 2025, September 28, 2024 and September│[33][ All financial statement schedules have been omitted, since the required information is not applicable or is not present in amounts sufficient to require submission of the schedule, or because the information required is included in the (In millions, except number of shares, which are reflected in thousands, and per-share amounts) (In millions, except number of shares, which are reflected in thousands, and par value) Common stock and additional paid-in capital, $0.00001 par value: 50,400,000 shares │93,568 │ │ │83,276 │",2025,SEC Form 10-K,Apple Inc.,sec:AAPL:0000320193-25-000079:chunk73
74,AAPL latest 10-K chunk 74,"authorized; 14,773,260 and 15,116,786 shares issued and outstanding, respectively │ │ │ │ │ Common stock withheld related to net share settlement of │(4,452) │ │(3,993) │ │(3,521) │ Common stock withheld related to net share settlement of │(1,655) │ │(1,612) │ │(2,099) │ Payments for acquisition of property, plant and equipment │(12,715) │ │(9,447) │ │(10,959) │ Payments for taxes related to net share settlement of equity│(5,960) │ │(5,441) │ │(5,431) │ The consolidated financial statements include the accounts of Apple Inc. and its wholly owned subsidiaries. The preparation of these consolidated financial statements and accompanying notes in conformity with GAAP requires the use of management estimates. Certain prior period amounts in the notes to consolidated financial statements have been The Company’s fiscal year is the 52- or 53-week period that ends on the last Saturday of September. An additional week is included in the first fiscal quarter every five or six years to realign the Company’s fiscal quarters with calendar quarters, which occurred in the first fiscal quarter of 2023. The Company’s fiscal years 2025 and 2024 spanned 52 weeks each, whereas fiscal year 2023 spanned 53 weeks. Unless otherwise stated, references to particular years, quarters, months and periods refer to the Company’s fiscal years ended in September and the associated quarters, months and Beginning with the 2025 annual reporting period, the Company adopted the FASB’s ASU No. 2023-07, Segment Reporting (Topic 280): Improvements to Reportable Segment Disclosures (“ASU 2023-07”), which requires the Company to disclose",2025,SEC Form 10-K,Apple Inc.,sec:AAPL:0000320193-25-000079:chunk74
75,AAPL latest 10-K chunk 75,"segment expenses that are significant and regularly provided to the Company’s chief operating decision maker (“CODM”). In addition, ASU 2023-07 requires the Company to disclose the title and position of its CODM and how the CODM uses segment profit or loss information in assessing segment performance and deciding how to allocate resources. The Company The Company records revenue net of taxes collected from customers that are remitted to governmental authorities. The Company recognizes share-based compensation expense on a straight-line basis for its estimate of equity awards that All highly liquid investments with maturities of three months or less at the date of purchase are treated as cash The cost of securities sold is determined using the specific identification method. Property, plant and equipment are stated at cost. Depreciation on property, plant and equipment is recognized on a The Company presents derivative assets and liabilities at their gross fair values in the Consolidated Balance Sheets. The Company records certain deferred tax assets and liabilities in connection with the minimum tax on certain foreign The Company combines and accounts for lease and nonlease components as a single lease component for leases of corporate The Company recognizes revenue at the amount to which it expects to be entitled when control of products or services is transferred to its customers. Control is generally transferred when the Company has a present right to payment and title and the significant risks and rewards of ownership of products or services are transferred to its customers. For most of the Company’s Products net sales, control transfers when products are shipped. For the Company’s Services net sales,",2025,SEC Form 10-K,Apple Inc.,sec:AAPL:0000320193-25-000079:chunk75
76,AAPL latest 10-K chunk 76,"control transfers over time as services are delivered. Payment for Products and Services net sales is collected within a short period following transfer of control or commencement of delivery of services, as applicable. The Company records reductions to Products net sales related to future product returns, price protection and other customer incentive programs based on the Company’s expectations and historical experience. For arrangements with multiple performance obligations, which represent promises within an arrangement that are distinct, the Company allocates revenue to all distinct performance obligations based on their relative stand-alone selling prices (“SSPs”). When available, the Company uses observable prices to determine SSPs. When observable prices are not available, SSPs are established that reflect the Company’s best estimates of what the selling prices of the performance obligations would be if they were sold regularly on a stand-alone basis. The Company’s process for estimating SSPs without observable prices considers multiple factors that may vary depending upon the unique facts and circumstances related to each performance obligation including, where applicable, prices charged by the Company for similar offerings, market trends in the pricing for similar offerings, product-specific business objectives and the The Company has identified the performance obligations regularly included in arrangements involving the sale of iPhone, Mac and iPad. The first material performance obligation, which represents the substantial portion of the allocated sales price, is the hardware and bundled software delivered at the time of sale. The second material performance obligation is",2025,SEC Form 10-K,Apple Inc.,sec:AAPL:0000320193-25-000079:chunk76
77,AAPL latest 10-K chunk 77,"the right to receive certain product-related bundled services, which include iCloud®, Siri® and Maps. The Company allocates revenue and any related discounts to all of its performance obligations based on their relative SSPs. Because the Company lacks observable prices for product-related bundled services, the allocation of revenue is based on the Company’s estimated SSPs. Revenue allocated to the delivered hardware and bundled software is recognized when control has transferred to the customer, which generally occurs when the product is shipped. Revenue allocated to product-related bundled services is deferred and recognized on a straight-line basis over the estimated period they are For certain long-term service arrangements, the Company has performance obligations for services it has not yet delivered. For these arrangements, the Company does not have a right to bill for the undelivered services. The Company has determined that any unbilled consideration relates entirely to the value of the undelivered services. Accordingly, the Company has not recognized revenue, and does not disclose amounts, related to these undelivered services. For the sale of third-party products where the Company obtains control of the product before transferring it to the customer, the Company recognizes revenue based on the gross amount billed to customers. The Company considers multiple factors when determining whether it obtains control of third-party products, including evaluating if it can establish the price of the product, retains inventory risk for tangible products or has the responsibility for ensuring acceptability of the product. For third-party applications sold through the App Store, the Company does not obtain",2025,SEC Form 10-K,Apple Inc.,sec:AAPL:0000320193-25-000079:chunk77
78,AAPL latest 10-K chunk 78,"control of the product before transferring it to the customer. Therefore, the Company accounts for all third-party application–related sales on a net basis by recognizing in Services net sales only the commission it retains. The following table shows disaggregated net sales, as well as the portion of total net sales that was previously Portion of total net sales that was included in deferred revenue as of the│$ │8,229 │ │$ │7,728 │ │$ │8,169 │ (1)Services net sales include amortization of the deferred value of services bundled in the sales price of certain The Company’s proportion of net sales by disaggregated revenue source was generally consistent for each reportable segment in Note 13, “Segment Information and Geographic Data” for 2025, 2024 and 2023, except in Greater China, where As of September 27, 2025 and September 28, 2024, the Company had total deferred revenue of $13.7 billion and $12.8 billion, respectively. As of September 27, 2025, the Company expects 66% of total deferred revenue to be realized in less than a year, 23% within one-to-two years, 9% within two-to-three years and 2% in greater than three years. The following table shows the computation of basic and diluted earnings per share for 2025, 2024 and 2023 (net income in Weighted-average basic shares outstanding│14,948,500 │ │15,343,783 │ │15,744,231 │ Weighted-average diluted shares │15,004,697 │ │15,408,095 │ │15,812,547 │ Approximately 24 million restricted stock units (“RSUs”) were excluded from the computation of diluted earnings per The following tables show the Company’s cash, cash equivalents and marketable securities by significant investment",2025,SEC Form 10-K,Apple Inc.,sec:AAPL:0000320193-25-000079:chunk78
79,AAPL latest 10-K chunk 79,"│Adjusted │Unrealized │Unrealized │Fair │Cash and │Current │Non-Current │Adjusted │Unrealized │Unrealized │Fair │Cash and │Current │Non-Current (1)The valuation techniques used to measure the fair values of the Company’s Level 2 financial instruments, which generally have counterparties with high credit ratings, are based on quoted market prices or model-driven valuations (2)As of September 28, 2024, cash and cash equivalents included $2.6 billion held in escrow and restricted from general use. These restricted cash and cash equivalents were designated to settle the Company’s obligation related to the State (3)As of September 28, 2024, current marketable securities included $13.2 billion held in escrow and restricted from general use. These restricted marketable securities were designated to settle the Company’s obligation related to the As of September 27, 2025, 80% of the Company’s non-current marketable debt securities other than mortgage- and asset-backed securities had maturities between 1 and 5 years, 15% between 5 and 10 years, and 5% greater than 10 years. As of September 27, 2025, 13% of the Company’s non-current mortgage- and asset-backed securities had maturities between The Company’s investments in marketable debt securities have been classified and accounted for as available-for-sale. The Company classifies marketable debt securities as either current or non-current based on each instrument’s underlying The Company may use derivative instruments to partially offset its business exposure to foreign exchange and interest rate risk. However, the Company may choose not to hedge certain exposures for a variety of reasons including accounting",2025,SEC Form 10-K,Apple Inc.,sec:AAPL:0000320193-25-000079:chunk79
80,AAPL latest 10-K chunk 80,"considerations or the prohibitive economic cost of hedging particular exposures. There can be no assurance the hedges will offset more than a portion of the financial impact resulting from movements in foreign exchange or interest rates. All derivative instruments are recorded in the Consolidated Balance Sheets at fair value. The accounting treatment for Gains and losses arising from amounts that are included in the assessment of cash flow hedge effectiveness are initially deferred in accumulated other comprehensive income/(loss) and subsequently reclassified into earnings when the hedged transaction affects earnings, and in the same line item in the Consolidated Statements of Operations. Gains and losses arising from amounts that are included in the assessment of fair value hedge effectiveness are recognized in the Consolidated Statements of Operations line item to which the hedge relates along with offsetting losses and gains For derivative instruments designated as cash flow and fair value hedges, amounts excluded from the assessment of hedge effectiveness are recognized on a straight-line basis over the life of the hedge in the Consolidated Statements of Operations line item to which the hedge relates. Changes in the fair value of amounts excluded from the assessment of Gains and losses arising from changes in the fair values of derivative instruments that are not designated as accounting The Company classifies cash flows related to derivative instruments in the same section of the Consolidated Statements of Cash Flows as the items being hedged, which are generally classified as operating activities. To protect gross margins from fluctuations in foreign exchange rates, the Company may use forwards, options or other",2025,SEC Form 10-K,Apple Inc.,sec:AAPL:0000320193-25-000079:chunk80
81,AAPL latest 10-K chunk 81,"instruments, and may designate these instruments as cash flow hedges. The Company generally hedges portions of its forecasted foreign currency exposure associated with revenue and inventory purchases, typically for up to 12 months. To protect the Company’s foreign currency–denominated term debt or marketable securities from fluctuations in foreign exchange rates, the Company may use forwards, cross-currency swaps or other instruments. The Company designates these instruments as either cash flow or fair value hedges. As of September 27, 2025, the maximum length of time over which the Company is hedging its exposure to the variability in future cash flows for term debt–related foreign currency The Company may also use derivative instruments that are not designated as accounting hedges to protect gross margins from certain fluctuations in foreign exchange rates, as well as to offset a portion of the foreign currency gains and losses generated by the remeasurement of certain assets and liabilities denominated in non-functional currencies. To protect the Company’s term debt or marketable securities from fluctuations in interest rates, the Company may use interest rate swaps, options or other instruments. The Company designates these instruments as either cash flow or fair The notional amounts of the Company’s outstanding derivative instruments as of September 27, 2025 and September 28, As of September 27, 2025 and September 28, 2024, the carrying amount of the Company’s current and non-current term debt As of September 27, 2025, the Company had one customer that represented 10% or more of total trade receivables, which accounted for 12%. The Company’s third-party cellular network carriers accounted for 34% and 38% of total trade",2025,SEC Form 10-K,Apple Inc.,sec:AAPL:0000320193-25-000079:chunk81
82,AAPL latest 10-K chunk 82,"receivables as of September 27, 2025 and September 28, 2024, respectively. The Company requires third-party credit The Company has non-trade receivables from certain of its manufacturing vendors resulting from the sale of components to these vendors who manufacture subassemblies or assemble final products for the Company. The Company purchases these components directly from suppliers. The Company does not reflect the sale of these components in products net sales. Rather, the Company recognizes any gain on these sales as a reduction of products cost of sales when the related final products are sold by the Company. As of September 27, 2025, the Company had two vendors that individually represented 10% or more of total vendor non-trade receivables, which accounted for 46% and 23%. As of September 28, 2024, the Company had two vendors that individually represented 10% or more of total vendor non-trade receivables, which accounted The following table shows the Company’s gross property, plant and equipment by major asset class and accumulated Machinery, equipment and internal-use software │83,420 │ │80,205 │ Gross property, plant and equipment │125,848 │ │119,128 │ Total property, plant and equipment, net │$ │49,834 │ │$ │45,680 │ Depreciation expense on property, plant and equipment was $8.0 billion, $8.2 billion and $8.5 billion during 2025, 2024 The following tables show the Company’s consolidated financial statement details as of September 27, 2025 and September On August 30, 2016, the Commission announced its decision that Ireland granted state aid to the Company by providing tax opinions in 1991 and 2007 concerning the tax allocation of profits of the Irish branches of two subsidiaries of the",2025,SEC Form 10-K,Apple Inc.,sec:AAPL:0000320193-25-000079:chunk82
83,AAPL latest 10-K chunk 83,"Company (“State Aid Decision”). The State Aid Decision ordered Ireland to calculate and recover additional taxes from the Company for the period June 2003 through December 2014. Irish legislative changes, effective as of January 2015, The Company and Ireland appealed the State Aid Decision to the General Court of the Court of Justice of the European Union (“General Court”). On July 15, 2020, the General Court annulled the State Aid Decision. On September 25, 2020, the Commission appealed the General Court’s decision to the European Court of Justice (“ECJ”). On September 10, 2024, the ECJ announced that it had set aside the 2020 judgment of the General Court and confirmed the Commission’s 2016 State Aid Decision. As a result, during the fourth quarter of 2024 the Company recorded a one-time income tax charge of $10.2 billion, net, which represented $15.8 billion payable to Ireland via release of amounts held in escrow, partially offset by a U.S. foreign tax credit of $4.8 billion and a decrease in unrecognized tax benefits of $823 million. The provision for income taxes for 2025, 2024 and 2023, consisted of the following (in millions): Provision for income taxes│$ │20,719 │ │$ │29,749 │ │$ │16,741 │ Foreign pretax earnings were $82.0 billion, $77.3 billion and $72.9 billion in 2025, 2024 and 2023, respectively. A reconciliation of the provision for income taxes to the amount computed by applying the statutory federal income tax rate (21% in 2025, 2024 and 2023) to income before provision for income taxes for 2025, 2024 and 2023 is as follows As of September 27, 2025 and September 28, 2024, the significant components of the Company’s deferred tax assets and",2025,SEC Form 10-K,Apple Inc.,sec:AAPL:0000320193-25-000079:chunk83
84,AAPL latest 10-K chunk 84,"As of September 27, 2025, the Company had $4.7 billion in foreign tax credit carryforwards in Ireland and $4.0 billion in California R&D credit carryforwards, both of which can be carried forward indefinitely. A valuation allowance has been recorded for the credit carryforwards and a portion of other temporary differences. As of September 27, 2025, the total amount of gross unrecognized tax benefits was $23.2 billion, of which $10.6 billion, if recognized, would impact the Company’s effective tax rate. As of September 28, 2024, the total amount of gross unrecognized tax benefits was $22.0 billion, of which $10.8 billion, if recognized, would have impacted the Company’s The aggregate change in the balance of gross unrecognized tax benefits, which excludes interest and penalties, for 2025, Increases related to tax positions taken during a prior year │1,971 │ │1,727 │ │2,044 │ Decreases related to tax positions taken during a prior year │(71) │ │(386) │ │(1,463) │ Increases related to tax positions taken during the current year │3,795 │ │2,542 │ │2,628 │ Decreases related to settlements with taxing authorities │(2,939) │ │(1,070) │ │(19) │ Decreases related to expiration of the statute of limitations │(1,552) │ │(229) │ │(494) │ The Company is subject to taxation and files income tax returns in the U.S. federal jurisdiction and many state and foreign jurisdictions. Tax years 2018 and after 2021 for the U.S. federal jurisdiction, and after 2014 in certain major foreign jurisdictions, remain subject to examination. Although the timing of resolution or closure of examinations is",2025,SEC Form 10-K,Apple Inc.,sec:AAPL:0000320193-25-000079:chunk84
85,AAPL latest 10-K chunk 85,"not certain, the Company believes it is reasonably possible that its gross unrecognized tax benefits could decrease as The Company has lease arrangements for certain equipment and facilities, including corporate, data center, manufacturing and retail space. These leases typically have original terms not exceeding 10 years and generally contain multiyear Payments under the Company’s lease arrangements may be fixed or variable, and variable lease payments are primarily based on purchases of output of the underlying leased assets. Lease costs associated with fixed payments on the Company’s operating leases were $2.1 billion for 2025 and $2.0 billion for both 2024 and 2023. Lease costs associated with variable payments on the Company’s leases were $16.1 billion, $13.8 billion and $13.9 billion for 2025, 2024 and The Company made fixed cash payments related to operating leases of $2.1 billion in 2025 and $1.9 billion in both 2024 and 2023. Noncash activities involving right-of-use (“ROU”) assets obtained in exchange for lease liabilities were $2.8 The following table shows ROU assets and lease liabilities, and the associated financial statement line items, as of Lease-Related Assets and Liabilities │Financial Statement Line Items │2025 │2024 Lease liability maturities as of September 27, 2025, are as follows (in millions): The weighted-average remaining lease term related to the Company’s lease liabilities as of September 27, 2025 and September 28, 2024 was 9.8 years and 10.3 years, respectively. The discount rate related to the Company’s lease liabilities as of September 27, 2025 and September 28, 2024 was 3.4% and 3.1%, respectively. The discount rates related",2025,SEC Form 10-K,Apple Inc.,sec:AAPL:0000320193-25-000079:chunk85
86,AAPL latest 10-K chunk 86,"to the Company’s lease liabilities are generally based on estimates of the Company’s incremental borrowing rate, as the As of September 27, 2025, the Company had $523 million of fixed payment obligations under additional leases, primarily for corporate facilities and retail space, that had not yet commenced. These leases are expected to commence between The Company issues unsecured short-term promissory notes pursuant to a commercial paper program. The Company uses net proceeds from the commercial paper program for general corporate purposes, including dividends and share repurchases. As of September 27, 2025 and September 28, 2024, the Company had $8.0 billion and $10.0 billion of commercial paper outstanding, respectively, with maturities generally less than nine months. The weighted-average interest rate of the Company’s commercial paper was 4.19% and 5.00% as of September 27, 2025 and September 28, 2024, respectively. The following table provides a summary of cash flows associated with commercial paper for 2025, 2024 and 2023 (in millions): Proceeds from/(Repayments of) commercial paper, net │$ │(5,820)│ │$│3,960 │ │$ │(1,333)│ Total proceeds from/(repayments of) commercial paper, net │$ │(2,032)│ │$│3,960 │ │$ │(3,978)│ The Company has outstanding Notes, which are senior unsecured obligations with interest payable in arrears. The following table provides a summary of the Company’s term debt as of September 27, 2025 and September 28, 2024: To manage interest rate risk on certain of its U.S. dollar–denominated fixed-rate notes, the Company uses interest rate swaps to effectively convert the fixed interest rates to floating interest rates on a portion of these notes.",2025,SEC Form 10-K,Apple Inc.,sec:AAPL:0000320193-25-000079:chunk86
87,AAPL latest 10-K chunk 87,"Additionally, to manage foreign exchange rate risk on certain of its foreign currency–denominated notes, the Company uses cross-currency swaps to effectively convert these notes to U.S. dollar–denominated notes. The effective interest rates for the Notes include the interest on the Notes, amortization of the discount or premium The future principal payments for the Company’s Notes as of September 27, 2025, are as follows (in millions): As of September 27, 2025 and September 28, 2024, the fair value of the Company’s Notes, based on Level 2 inputs, was During 2025, the Company repurchased 402 million shares of its common stock for $89.3 billion. The Company’s share repurchase programs do not obligate the Company to acquire a minimum amount of shares. Under the programs, shares may be repurchased in privately negotiated or open market transactions, including under plans complying with Rule 10b5-1 under The following table shows the changes in shares of common stock for 2025, 2024 and 2023 (in thousands): Common stock outstanding, beginning balances │15,116,786 │ │15,550,061 │ │15,943,425 │ Common stock issued, net of shares withheld for employee taxes│58,146 │ │66,097 │ │78,055 │ Common stock outstanding, ending balances │14,773,260 │ │15,116,786 │ │15,550,061 │ The Apple Inc. 2022 Employee Stock Plan (“2022 Plan”) is a shareholder-approved plan that provides for broad-based equity grants to employees, including executive officers, and permits the granting of RSUs, stock grants, performance-based awards, stock options and stock appreciation rights. RSUs granted under the 2022 Plan generally vest",2025,SEC Form 10-K,Apple Inc.,sec:AAPL:0000320193-25-000079:chunk87
88,AAPL latest 10-K chunk 88,"over four years, based on continued employment, and are settled upon vesting in shares of the Company’s common stock on a one-for-one basis. All RSUs granted under the 2022 Plan have dividend equivalent rights, which entitle holders of RSUs to the same dividend value per share as holders of common stock. A maximum of approximately 1.3 billion shares were authorized for issuance pursuant to 2022 Plan awards at the time the plan was approved on March 4, 2022. A summary of the Company’s RSU activity and related information for 2025 is as follows: The weighted-average grant-date fair value of RSUs granted in 2024 and 2023 was $173.78 and $150.87, respectively. The Company estimates the grant-date fair value of RSUs based on the closing price of the Company’s common stock on the date The total vesting-date fair value of RSUs was $17.1 billion, $15.8 billion and $15.9 billion for 2025, 2024 and 2023, respectively. The majority of RSUs that vested in 2025, 2024 and 2023 were net share settled such that the Company withheld shares with a value equivalent to the employees’ obligation for the applicable income and other employment taxes, and remitted cash to the appropriate taxing authorities. Total payments to taxing authorities for employees’ tax The following table shows share-based compensation expense and the related income tax benefit included in the Income tax benefit related to share-based compensation expense│$│(3,602)│ │$│(3,350)│ │$│(3,421)│ As of September 27, 2025, the total unrecognized compensation cost related to outstanding RSUs was $21.8 billion, which The Company has entered into certain off–balance sheet commitments that require the future purchase of goods or services",2025,SEC Form 10-K,Apple Inc.,sec:AAPL:0000320193-25-000079:chunk88
89,AAPL latest 10-K chunk 89,"(“unconditional purchase obligations”). The Company’s unconditional purchase obligations primarily consist of supplier arrangements, licensed intellectual property and content, and distribution rights. Future payments under unconditional purchase obligations with a remaining term in excess of one year as of September 27, 2025, are as follows (in millions): The Company is subject to various legal proceedings and claims that have arisen in the ordinary course of business and that have not been fully resolved. The outcome of litigation is inherently uncertain. In the opinion of management, there was not at least a reasonable possibility the Company may have incurred a material loss, or a material loss greater than a recorded accrual, concerning loss contingencies for asserted legal and other claims. Although most components essential to the Company’s business are generally available from multiple sources, certain components are currently obtained from single or limited sources. The Company also competes for various components with other participants in the markets for smartphones, personal computers, tablets, wearables and accessories. Therefore, many components used by the Company, including those that are available from multiple sources, are at times subject to industry-wide shortage and significant commodity pricing fluctuations. Restrictions on international trade can increase the cost or limit the availability of the Company’s products and the components and rare earths and other raw materials The Company uses some custom components that are not commonly used by its competitors, and new products introduced by the Company often utilize custom components available from only one source. When a component or product uses new",2025,SEC Form 10-K,Apple Inc.,sec:AAPL:0000320193-25-000079:chunk89
90,AAPL latest 10-K chunk 90,"technologies, initial capacity constraints may exist until the suppliers’ yields have matured or their manufacturing capacities have increased. The Company has entered into agreements for the supply of many components; however, the Company may not be able to extend or renew agreements for the supply of components on similar terms, or at all, and may not be successful in obtaining sufficient quantities from its suppliers or in a timely manner, or in identifying and obtaining sufficient quantities from an alternative source. In addition, component suppliers may fail, be subject to consolidation within a particular industry, or decide to concentrate on the production of common components instead of components customized to meet the Company’s requirements, further limiting the Company’s ability to obtain sufficient Substantially all of the Company’s hardware products are manufactured by outsourcing partners that are located primarily The Company manages its business primarily on a geographic basis. The Company’s CEO is its CODM. The Company’s reportable segments consist of the Americas, Europe, Greater China, Japan and Rest of Asia Pacific. Americas includes both North and South America. Europe includes European countries, as well as India, the Middle East and Africa. Greater China includes China mainland, Hong Kong and Taiwan. Rest of Asia Pacific includes Australia, New Zealand and those Asian countries not included in the Company’s other reportable segments. Although the reportable segments provide similar hardware and software products and similar services, each one is managed separately to better align with the location of the Company’s customers and distribution partners and the unique market dynamics of each",2025,SEC Form 10-K,Apple Inc.,sec:AAPL:0000320193-25-000079:chunk90
91,AAPL latest 10-K chunk 91,"The CODM uses segment net sales and operating income information to make certain decisions, such as product and service pricing, and to decide how to allocate resources related to sales activities and marketing investments. Net sales for geographic segments are generally based on the location of customers and sales through the Company’s retail stores located in those geographic locations. Operating income for each segment consists of net sales to third parties, related cost of sales, and operating expenses directly attributable to the segment. The information provided to the CODM for purposes of making decisions and assessing segment performance excludes asset information. The following tables show information by reportable segment for 2025, 2024 and 2023 (in millions): The following tables show net sales for 2025, 2024 and 2023 and long-lived assets as of September 27, 2025 and September 28, 2024 for countries that individually accounted for 10% or more of the respective totals, as well as aggregate We have audited the accompanying consolidated balance sheets of Apple Inc. (the “Company”) as of September 27, 2025 and September 28, 2024, the related consolidated statements of operations, comprehensive income, shareholders’ equity and cash flows for each of the three years in the period ended September 27, 2025, and the related notes (collectively referred to as the “financial statements”). In our opinion, the financial statements present fairly, in all material respects, the financial position of the Company at September 27, 2025 and September 28, 2024, and the results of its operations and its cash flows for each of the three years in the period ended September 27, 2025, in conformity with",2025,SEC Form 10-K,Apple Inc.,sec:AAPL:0000320193-25-000079:chunk91
92,AAPL latest 10-K chunk 92,"We also have audited, in accordance with the standards of the Public Company Accounting Oversight Board (United States) (“PCAOB”), the Company’s internal control over financial reporting as of September 27, 2025, based on criteria established in Internal Control – Integrated Framework issued by the Committee of Sponsoring Organizations of the Treadway Commission (2013 framework) and our report dated October 31, 2025 expressed an unqualified opinion thereon. These financial statements are the responsibility of the Company’s management. Our responsibility is to express an opinion on the Company’s financial statements based on our audits. We are a public accounting firm registered with the PCAOB and are required to be independent with respect to the Company in accordance with the U.S. federal securities laws and the applicable rules and regulations of the Securities and Exchange Commission and the PCAOB. We conducted our audits in accordance with the standards of the PCAOB. Those standards require that we plan and perform the audit to obtain reasonable assurance about whether the financial statements are free of material misstatement, whether due to error or fraud. Our audits included performing procedures to assess the risks of material misstatement of the financial statements, whether due to error or fraud, and performing procedures that respond to those risks. Such procedures included examining, on a test basis, evidence regarding the amounts and disclosures in the financial statements. Our audits also included evaluating the accounting principles used and significant estimates made by management, as well as evaluating the overall presentation of the financial statements. We believe that our audits",2025,SEC Form 10-K,Apple Inc.,sec:AAPL:0000320193-25-000079:chunk92
93,AAPL latest 10-K chunk 93,"The critical audit matter communicated below is a matter arising from the current period audit of the financial statements that was communicated or required to be communicated to the audit committee and that: (1) relates to accounts or disclosures that are material to the financial statements and (2) involved our especially challenging, subjective, or complex judgments. The communication of the critical audit matter does not alter in any way our opinion on the financial statements, taken as a whole, and we are not, by communicating the critical audit matter below, providing a separate opinion on the critical audit matter or on the account or disclosure to which it relates. Descr│As discussed in Note 7 to the financial statements, the Company is subject to income taxes in the U.S. and iptio│numerous foreign jurisdictions. As of September 27, 2025, the total amount of gross unrecognized tax benefits was n of │$23.2 billion, of which $10.6 billion, if recognized, would impact the Company’s effective tax rate. In accounting the │for some of the uncertain tax positions, the Company uses significant judgment in the interpretation and r │Auditing management’s evaluation of whether an uncertain tax position is more likely than not to be sustained and │the measurement of the benefit of various tax positions can be complex, involves significant judgment, and is How │We tested controls relating to the evaluation of uncertain tax positions, including controls over management’s We │assessment as to whether tax positions are more likely than not to be sustained, management’s process to measure Addre│the benefit of its tax positions that qualify for recognition, and the related disclosures.",2025,SEC Form 10-K,Apple Inc.,sec:AAPL:0000320193-25-000079:chunk93
94,AAPL latest 10-K chunk 94,"ssed │We evaluated the Company’s assessment of which tax positions are more likely than not to be sustained and the the │related measurement of the amount of tax benefit that qualifies for recognition. Our audit procedures included, Matte│among others, reading and evaluating management’s assumptions and analysis, and, as applicable, the Company’s r in │communications with taxing authorities, that detailed the basis and technical merits of the uncertain tax Our │positions. We involved our tax subject matter resources in assessing the technical merits of certain of the Audit│Company’s tax positions based on our knowledge of relevant tax laws and experience with related taxing │authorities. In addition, we evaluated the Company’s disclosure in relation to these matters included in Note 7 to We have audited Apple Inc.’s internal control over financial reporting as of September 27, 2025, based on criteria established in Internal Control – Integrated Framework issued by the Committee of Sponsoring Organizations of the Treadway Commission (2013 framework) (the “COSO criteria”). In our opinion, Apple Inc. (the “Company”) maintained, in all material respects, effective internal control over financial reporting as of September 27, 2025, based on the COSO We also have audited, in accordance with the standards of the Public Company Accounting Oversight Board (United States) (“PCAOB”), the consolidated balance sheets of the Company as of September 27, 2025 and September 28, 2024, the related consolidated statements of operations, comprehensive income, shareholders’ equity and cash flows for each of the three years in the period ended September 27, 2025, and the related notes and our report dated October 31, 2025 expressed an",2025,SEC Form 10-K,Apple Inc.,sec:AAPL:0000320193-25-000079:chunk94
95,AAPL latest 10-K chunk 95,"The Company’s management is responsible for maintaining effective internal control over financial reporting and for its assessment of the effectiveness of internal control over financial reporting included in the accompanying Management’s Annual Report on Internal Control over Financial Reporting. Our responsibility is to express an opinion on the Company’s internal control over financial reporting based on our audit. We are a public accounting firm registered with the PCAOB and are required to be independent with respect to the Company in accordance with the U.S. federal securities laws and the applicable rules and regulations of the Securities and Exchange Commission and the PCAOB. We conducted our audit in accordance with the standards of the PCAOB. Those standards require that we plan and perform the audit to obtain reasonable assurance about whether effective internal control over financial reporting was Our audit included obtaining an understanding of internal control over financial reporting, assessing the risk that a material weakness exists, testing and evaluating the design and operating effectiveness of internal control based on the assessed risk, and performing such other procedures as we considered necessary in the circumstances. We believe that our A company’s internal control over financial reporting is a process designed to provide reasonable assurance regarding the reliability of financial reporting and the preparation of financial statements for external purposes in accordance with generally accepted accounting principles. A company’s internal control over financial reporting includes those policies and procedures that (1) pertain to the maintenance of records that, in reasonable detail, accurately and fairly",2025,SEC Form 10-K,Apple Inc.,sec:AAPL:0000320193-25-000079:chunk95
96,AAPL latest 10-K chunk 96,"reflect the transactions and dispositions of the assets of the company; (2) provide reasonable assurance that transactions are recorded as necessary to permit preparation of financial statements in accordance with generally accepted accounting principles, and that receipts and expenditures of the company are being made only in accordance with authorizations of management and directors of the company; and (3) provide reasonable assurance regarding prevention or timely detection of unauthorized acquisition, use, or disposition of the company’s assets that could have a material Because of its inherent limitations, internal control over financial reporting may not prevent or detect misstatements. Also, projections of any evaluation of effectiveness to future periods are subject to the risk that controls may become inadequate because of changes in conditions, or that the degree of compliance with the policies or procedures may Item 9. Changes in and Disagreements with Accountants on Accounting and Financial Disclosure Based on an evaluation under the supervision and with the participation of the Company’s management, the Company’s principal executive officer and principal financial officer have concluded that the Company’s disclosure controls and procedures as defined in Rules 13a-15(e) and 15d-15(e) under the Exchange Act were effective as of September 27, 2025 to provide reasonable assurance that information required to be disclosed by the Company in reports that it files or submits under the Exchange Act is (i) recorded, processed, summarized and reported within the time periods specified in the SEC rules and forms and (ii) accumulated and communicated to the Company’s management, including its principal",2025,SEC Form 10-K,Apple Inc.,sec:AAPL:0000320193-25-000079:chunk96
97,AAPL latest 10-K chunk 97,"executive officer and principal financial officer, as appropriate to allow timely decisions regarding required The Company’s internal control over financial reporting is designed to provide reasonable assurance regarding the reliability of financial reporting and the preparation of financial statements for external purposes in accordance with GAAP. The Company’s internal control over financial reporting includes those policies and procedures that: (i)pertain to the maintenance of records that, in reasonable detail, accurately and fairly reflect the transactions and (ii)provide reasonable assurance that transactions are recorded as necessary to permit preparation of financial statements in accordance with GAAP, and that the Company’s receipts and expenditures are being made only in accordance (iii)provide reasonable assurance regarding prevention or timely detection of unauthorized acquisition, use, or disposition of the Company’s assets that could have a material effect on the financial statements. Management, including the Company’s Chief Executive Officer and Chief Financial Officer, does not expect that the Company’s internal controls will prevent or detect all errors and all fraud. A control system, no matter how well designed and operated, can provide only reasonable, not absolute, assurance that the objectives of the control system are met. Further, the design of a control system must reflect the fact that there are resource constraints, and the benefits of controls must be considered relative to their costs. Because of the inherent limitations in all control systems, no evaluation of internal controls can provide absolute assurance that all control issues and instances of",2025,SEC Form 10-K,Apple Inc.,sec:AAPL:0000320193-25-000079:chunk97
98,AAPL latest 10-K chunk 98,"fraud, if any, have been detected. Also, any evaluation of the effectiveness of controls in future periods are subject to the risk that those internal controls may become inadequate because of changes in business conditions, or that the The Company’s management is responsible for establishing and maintaining adequate internal control over financial reporting (as defined in Rule 13a-15(f) under the Exchange Act). Management conducted an assessment of the effectiveness of the Company’s internal control over financial reporting based on the criteria set forth in Internal Control – Integrated Framework issued by the Committee of Sponsoring Organizations of the Treadway Commission (2013 framework). Based on the Company’s assessment, management has concluded that its internal control over financial reporting was effective as of September 27, 2025 to provide reasonable assurance regarding the reliability of financial reporting and the preparation of financial statements in accordance with GAAP. The Company’s independent registered public accounting firm, Ernst & Young LLP, has issued an audit report on the Company’s internal control over financial reporting, which There were no changes in the Company’s internal control over financial reporting during the fourth quarter of 2025, which were identified in connection with management’s evaluation required by paragraph (d) of Rules 13a-15 and 15d-15 under the Exchange Act, that have materially affected, or are reasonably likely to materially affect, the Company’s On October 31, 2025, the Company announced that Chris Kondo, Senior Director of Corporate Accounting and Principal Accounting Officer, will transition from his role on January 1, 2026. Following the transition, Mr. Kondo will continue",2025,SEC Form 10-K,Apple Inc.,sec:AAPL:0000320193-25-000079:chunk98
99,AAPL latest 10-K chunk 99,"to work on other projects. Ben Borders, the Company’s Director of Technical Accounting, will become Senior Director of Corporate Accounting and assume the role of Principal Accounting Officer. Mr. Borders will report to Kevan Parekh, the The information required by this Item will be included in the Company’s definitive proxy statement to be filed with the SEC within 120 days after September 27, 2025, in connection with the solicitation of proxies for the Company’s 2026 annual meeting of shareholders (“2026 Proxy Statement”), and is incorporated herein by reference. The information required by this Item will be included in the 2026 Proxy Statement, and is incorporated herein by Item 12. Security Ownership of Certain Beneficial Owners and Management and Related Stockholder Matters The information required by this Item will be included in the 2026 Proxy Statement, and is incorporated herein by Item 13. Certain Relationships and Related Transactions, and Director Independence The information required by this Item will be included in the 2026 Proxy Statement, and is incorporated herein by The information required by this Item will be included in the 2026 Proxy Statement, and is incorporated herein by [Consolidated Statements of Operations for the years ended September 27, 2025, September 28, 2024 and September│[29][ [Consolidated Statements of Comprehensive Income for the years ended September 27, 2025, September 28, 2024 and│[30][ [Consolidated Balance Sheets as of September 27, 2025 and September 28, 2024][92] │[31][ [Consolidated Statements of Shareholders’ Equity for the years ended September 27, 2025, September 28, 2024 and│[32][",2025,SEC Form 10-K,Apple Inc.,sec:AAPL:0000320193-25-000079:chunk99
100,AAPL latest 10-K chunk 100,"[Consolidated Statements of Cash Flows for the years ended September 27, 2025, September 28, 2024 and September│[33][ All financial statement schedules have been omitted, since the required information is not applicable or is not present in amounts sufficient to require submission of the schedule, or because the information required is included in the consolidated financial statements and accompanying notes included in this Form 10-K. 3.1 │[Restated Articles of Incorporation of the Registrant filed on August 3, │8-K │3.1 │8/7/20 3.2 │[Amended and Restated Bylaws of the Registrant effective as of August 20, │8-K │3.2 │8/23/24 4.2 │[Indenture, dated as of April 29, 2013, between the Registrant and The Bank of│S-3 │4.1 │4/29/13 4.3 │[Officer’s Certificate of the Registrant, dated as of May 3, 2013, including │8-K │4.1 │5/3/13 │forms of global notes representing the Floating Rate Notes due 2016, Floating │ │ │ │Rate Notes due 2018, 0.45% Notes due 2016, 1.00% Notes due 2018, 2.40% Notes │ │ │ 4.4 │[Officer’s Certificate of the Registrant, dated as of May 6, 2014, including │8-K │4.1 │5/6/14 │forms of global notes representing the Floating Rate Notes due 2017, Floating │ │ │ │Rate Notes due 2019, 1.05% Notes due 2017, 2.10% Notes due 2019, 2.85% Notes │ │ │ 4.5 │[Officer’s Certificate of the Registrant, dated as of November 10, 2014, │8-K │4.1 │11/10/14 │including forms of global notes representing the 1.000% Notes due 2022 and │ │ │ 4.6 │[Officer’s Certificate of the Registrant, dated as of February 9, 2015, │8-K │4.1 │2/9/15",2025,SEC Form 10-K,Apple Inc.,sec:AAPL:0000320193-25-000079:chunk100
101,AAPL latest 10-K chunk 101,"│including forms of global notes representing the Floating Rate Notes due 2020,│ │ │ │1.55% Notes due 2020, 2.15% Notes due 2022, 2.50% Notes due 2025 and 3.45% │ │ │ 4.7 │[Officer’s Certificate of the Registrant, dated as of May 13, 2015, including │8-K │4.1 │5/13/15 │forms of global notes representing the Floating Rate Notes due 2017, Floating │ │ │ │Rate Notes due 2020, 0.900% Notes due 2017, 2.000% Notes due 2020, 2.700% │ │ │ 4.8 │[Officer’s Certificate of the Registrant, dated as of July 31, 2015, including│8-K │4.1 │7/31/15 │forms of global notes representing the 3.05% Notes due 2029 and 3.60% Notes │ │ │ 4.9 │[Officer’s Certificate of the Registrant, dated as of September 17, 2015, │8-K │4.1 │9/17/15 │including forms of global notes representing the 1.375% Notes due 2024 and 2.000%│ │ │ 4.10 │[Officer’s Certificate of the Registrant, dated as of February 23, 2016, │8-K │4.1 │2/23/16 │including forms of global notes representing the Floating Rate Notes due 2019, │ │ │ │Floating Rate Notes due 2021, 1.300% Notes due 2018, 1.700% Notes due 2019, │ │ │ │2.250% Notes due 2021, 2.850% Notes due 2023, 3.250% Notes due 2026, 4.500% Notes│ │ │ 4.11 │[Supplement No. 1 to the Officer’s Certificate of the Registrant, dated as of │8-K │4.1 │3/24/16 4.12 │[Officer’s Certificate of the Registrant, dated as of August 4, 2016, including │8-K │4.1 │8/4/16 │forms of global notes representing the Floating Rate Notes due 2019, 1.100% Notes│ │ │",2025,SEC Form 10-K,Apple Inc.,sec:AAPL:0000320193-25-000079:chunk101
102,AAPL latest 10-K chunk 102,"│due 2019, 1.550% Notes due 2021, 2.450% Notes due 2026 and 3.850% Notes due │ │ │ 4.13 │[Officer’s Certificate of the Registrant, dated as of February 9, 2017, including│8-K │4.1 │2/9/17 │forms of global notes representing the Floating Rate Notes due 2019, Floating │ │ │ │Rate Notes due 2020, Floating Rate Notes due 2022, 1.550% Notes due 2019, 1.900% │ │ │ │Notes due 2020, 2.500% Notes due 2022, 3.000% Notes due 2024, 3.350% Notes due │ │ │ 4.14 │[Officer’s Certificate of the Registrant, dated as of May 11, 2017, including │8-K │4.1 │5/11/17 │forms of global notes representing the Floating Rate Notes due 2020, Floating │ │ │ │Rate Notes due 2022, 1.800% Notes due 2020, 2.300% Notes due 2022, 2.850% Notes │ │ │ 4.15 │[Officer’s Certificate of the Registrant, dated as of May 24, 2017, including │8-K │4.1 │5/24/17 │forms of global notes representing the 0.875% Notes due 2025 and 1.375% Notes due│ │ │ 4.16 │[Officer’s Certificate of the Registrant, dated as of June 20, 2017, including │8-K │4.1 │6/20/17 4.17 │[Officer’s Certificate of the Registrant, dated as of September 12, 2017, │8-K │4.1 │9/12/17 │including forms of global notes representing the 1.500% Notes due 2019, 2.100% │ │ │ 4.18 │[Officer’s Certificate of the Registrant, dated as of November 13, 2017, │8-K │4.1 │11/13/17 │including forms of global notes representing the 1.800% Notes due 2019, 2.000% │ │ │ │Notes due 2020, 2.400% Notes due 2023, 2.750% Notes due 2025, 3.000% Notes due │ │ │",2025,SEC Form 10-K,Apple Inc.,sec:AAPL:0000320193-25-000079:chunk102
103,AAPL latest 10-K chunk 103,"4.19 │[Indenture, dated as of November 5, 2018, between the Registrant and The Bank of │S-3 │4.1 │11/5/18 4.20 │[Officer’s Certificate of the Registrant, dated as of September 11, 2019, │8-K │4.1 │9/11/19 │including forms of global notes representing the 1.700% Notes due 2022, 1.800% │ │ │ │Notes due 2024, 2.050% Notes due 2026, 2.200% Notes due 2029 and 2.950% Notes due│ │ │ 4.21 │[Officer’s Certificate of the Registrant, dated as of November 15, 2019, │8-K │4.1 │11/15/19 │including forms of global notes representing the 0.000% Notes due 2025 and 0.500%│ │ │ 4.22 │[Officer’s Certificate of the Registrant, dated as of May 11, 2020, including │8-K │4.1 │5/11/20 │forms of global notes representing the 0.750% Notes due 2023, 1.125% Notes due │ │ │ 4.23 │[Officer’s Certificate of the Registrant, dated as of August 20, 2020, including │8-K │4.1 │8/20/20 │forms of global notes representing the 0.550% Notes due 2025, 1.25% Notes due │ │ │ 4.24 │[Officer’s Certificate of the Registrant, dated as of February 8, 2021, including│8-K │4.1 │2/8/21 │forms of global notes representing the 0.700% Notes due 2026, 1.200% Notes due │ │ │ │2028, 1.650% Notes due 2031, 2.375% Notes due 2041, 2.650% Notes due 2051 and │ │ │ 4.25 │[Officer’s Certificate of the Registrant, dated as of August 5, 2021, including │8-K │4.1 │8/5/21 │forms of global notes representing the 1.400% Notes due 2028, 1.700% Notes due │ │ │ 4.26 │[Indenture, dated as of October 28, 2021, between the Registrant and The Bank │S-3 │4.1 │10/29/21",2025,SEC Form 10-K,Apple Inc.,sec:AAPL:0000320193-25-000079:chunk103
104,AAPL latest 10-K chunk 104,"4.27 │[Officer’s Certificate of the Registrant, dated as of August 8, 2022, │8-K │4.1 │8/8/22 │including forms of global notes representing the 3.250% Notes due 2029, 3.350%│ │ │ 4.28 │[Officer’s Certificate of the Registrant, dated as of May 10, 2023, including │8-K │4.1 │5/10/23 │forms of global notes representing the 4.421% Notes due 2026, 4.000% Notes due│ │ │ │2028, 4.150% Notes due 2030, 4.300% Notes due 2033 and 4.850% Notes due │ │ │ 4.29 │[Officer’s Certificate of the Registrant, dated as of May 12, 2025, including │8-K │4.1 │5/12/25 │forms of global notes representing the 4.000% Notes due 2028, 4.200% Notes due│ │ │ 10.1*│[Apple Inc. Employee Stock Purchase Plan, as amended ][134][as of │10-Q │10.1 │12/28/24 10.2*│[Form of Indemnification Agreement between the Registrant and each director │10-Q │10.2 │6/27/09 10.3*│[Apple Inc. Non-Employee Director Stock Plan, as amended November │10-Q │10.2 │12/28/24 10.4*│[Apple Inc. 2014 Employee Stock Plan, as amended and restated as of October 1,│10-K │10.8 │9/30/17 10.5*│[Form of Restricted Stock Unit Award Agreement under 2014 Employee Stock Plan │10-K │10.16│9/26/20 10.7*│[Form of Restricted Stock Unit Award Agreement under 2022 Employee Stock Plan │8-K │10.2 │3/4/22 10.8*│[Form of Performance Award Agreement under 2022 Employee Stock Plan effective │8-K │10.3 │3/4/22 10.10│[Form of CEO Restricted Stock Unit Award Agreement under 2022 Employee Stock │10-Q │10.1 │12/31/22 10.11│[Form of CEO Performance Award Agreement under 2022 Employee Stock Plan │10-Q │10.2 │12/31/22",2025,SEC Form 10-K,Apple Inc.,sec:AAPL:0000320193-25-000079:chunk104
105,AAPL latest 10-K chunk 105,"10.12│[Form of Restricted Stock Unit Award Agreement under 2022 Employee Stock Plan │10-K │10.19│9/28/24 10.13│[Form of Performance Award Agreement under 2022 Employee Stock Plan effective │10-K │10.20│9/28/24 10.14│[Form of CEO Restricted Stock Unit Award Agreement under 2022 Employee Stock │10-K │10.21│9/28/24 10.15│[Form of CEO Performance Award Agreement under 2022 Employee Stock Plan │10-K │10.22│9/28/24 23.1*│[Consent of Independent Registered Public Accounting Firm.][160] │ │ │ 24.1*│[Power of Attorney (included on the Signatures page of this Annual Report on │ │ │ 31.1*│[Rule 13a-14(a) / 15d-14(a) Certification of Chief Executive Officer.][162] │ │ │ 31.2*│[Rule 13a-14(a) / 15d-14(a) Certification of Chief Financial Officer.][163] │ │ │ 32.1*│[Section 1350 Certifications of Chief Executive Officer and Chief Financial │ │ │ 101**│Inline XBRL Document Set for the consolidated financial statements and │ │ │ │accompanying notes in Part II, Item 8, “Financial Statements and │ │ │ 104**│Inline XBRL for the cover page of this Annual Report on Form 10-K, included│ │ │ (1)Certain instruments defining the rights of holders of long-term debt securities of the Registrant are omitted pursuant to Item 601(b)(4)(iii) of Regulation S-K. The Registrant hereby undertakes to furnish to the SEC, upon request, Pursuant to the requirements of Section 13 or 15(d) of the Securities Exchange Act of 1934, the Registrant has duly caused this report to be signed on its behalf by the undersigned, thereunto duly authorized.",2025,SEC Form 10-K,Apple Inc.,sec:AAPL:0000320193-25-000079:chunk105
106,AAPL latest 10-K chunk 106,"KNOW ALL PERSONS BY THESE PRESENTS, that each person whose signature appears below constitutes and appoints Timothy D. Cook and Kevan Parekh, jointly and severally, his or her attorneys-in-fact, each with the power of substitution, for him or her in any and all capacities, to sign any amendments to this Annual Report on Form 10-K, and to file the same, with exhibits thereto and other documents in connection therewith, with the Securities and Exchange Commission, hereby ratifying and confirming all that each of said attorneys-in-fact, or his substitute or substitutes, may do or cause to Pursuant to the requirements of the Securities Exchange Act of 1934, this report has been signed below by the following persons on behalf of the Registrant and in the capacities and on the dates indicated: /s/ Kevan Parekh │Senior Vice President, Chief Financial Officer │October 31, 2025 [102]: https://www.sec.gov/Archives/edgar/data/320193/000119312520213158/d49399dex31.htm [103]: https://www.sec.gov/Archives/edgar/data/320193/000114036124038403/ny20033611x2_ex3-2.htm [105]: https://www.sec.gov/Archives/edgar/data/320193/000119312513179942/d527270dex41.htm [106]: https://www.sec.gov/Archives/edgar/data/320193/000119312513199324/d529124dex41.htm [107]: https://www.sec.gov/Archives/edgar/data/320193/000119312514184969/d721207dex41.htm [108]: https://www.sec.gov/Archives/edgar/data/320193/000119312514406296/d816414dex41.htm [109]: https://www.sec.gov/Archives/edgar/data/320193/000119312515039270/d868302dex41.htm [110]: https://www.sec.gov/Archives/edgar/data/320193/000119312515186064/d923398dex41.htm [111]: https://www.sec.gov/Archives/edgar/data/320193/000119312515273023/d12789dex41.htm",2025,SEC Form 10-K,Apple Inc.,sec:AAPL:0000320193-25-000079:chunk106
107,AAPL latest 10-K chunk 107,[112]: https://www.sec.gov/Archives/edgar/data/320193/000119312515322466/d31615dex41.htm [113]: https://www.sec.gov/Archives/edgar/data/320193/000119312516473562/d143184dex41.htm [114]: https://www.sec.gov/Archives/edgar/data/320193/000119312516516891/d161597dex41.htm [115]: https://www.sec.gov/Archives/edgar/data/320193/000119312516672044/d234980dex41.htm [116]: https://www.sec.gov/Archives/edgar/data/320193/000119312517036283/d340350dex41.htm [117]: https://www.sec.gov/Archives/edgar/data/320193/000119312517167400/d388721dex41.htm [118]: https://www.sec.gov/Archives/edgar/data/320193/000119312517181867/d583637dex41.htm [119]: https://www.sec.gov/Archives/edgar/data/320193/000119312517208226/d413980dex41.htm [120]: https://www.sec.gov/Archives/edgar/data/320193/000119312517282809/d434478dex41.htm [121]: https://www.sec.gov/Archives/edgar/data/320193/000119312517341015/d478060dex41.htm [122]: https://www.sec.gov/Archives/edgar/data/320193/000119312518317844/d644900dex41.htm [123]: https://www.sec.gov/Archives/edgar/data/320193/000119312519242975/d777124dex41.htm [124]: https://www.sec.gov/Archives/edgar/data/320193/000119312519292676/d828969dex41.htm [125]: https://www.sec.gov/Archives/edgar/data/320193/000119312520139112/d926511dex41.htm [126]: https://www.sec.gov/Archives/edgar/data/320193/000119312520225672/d937363dex41.htm [127]: https://www.sec.gov/Archives/edgar/data/320193/000119312521032394/d70217dex41.htm [128]: https://www.sec.gov/Archives/edgar/data/320193/000119312521237787/d199884dex41.htm [129]: https://www.sec.gov/Archives/edgar/data/320193/000119312521312274/d192862dex41.htm [130]: https://www.sec.gov/Archives/edgar/data/0000320193/000119312522214914/d297151dex41.htm,2025,SEC Form 10-K,Apple Inc.,sec:AAPL:0000320193-25-000079:chunk107
108,AAPL latest 10-K chunk 108,[131]: https://www.sec.gov/Archives/edgar/data/320193/000114036123023909/ny20007635x4_ex4-1.htm [132]: https://www.sec.gov/Archives/edgar/data/320193/000114036125018400/ef20048691_ex4-1.htm [133]: https://www.sec.gov/Archives/edgar/data/320193/000119312518256354/d609898dex41.htm [134]: https://www.sec.gov/Archives/edgar/data/320193/000032019325000008/a10-qexhibit10112282024.htm [135]: https://www.sec.gov/Archives/edgar/data/320193/000032019325000008/a10-qexhibit10112282024.htm [136]: https://www.sec.gov/Archives/edgar/data/320193/000032019325000008/a10-qexhibit10112282024.htm [137]: https://www.sec.gov/Archives/edgar/data/320193/000032019325000008/a10-qexhibit10112282024.htm [138]: https://www.sec.gov/Archives/edgar/data/320193/000032019325000008/a10-qexhibit10112282024.htm [139]: https://www.sec.gov/Archives/edgar/data/320193/000032019325000008/a10-qexhibit10112282024.htm [140]: https://www.sec.gov/Archives/edgar/data/320193/000119312509153165/dex102.htm [141]: https://www.sec.gov/Archives/edgar/data/320193/000032019325000008/a10-qexhibit10212282024.htm [142]: https://www.sec.gov/Archives/edgar/data/320193/000032019325000008/a10-qexhibit10212282024.htm [143]: https://www.sec.gov/Archives/edgar/data/320193/000032019325000008/a10-qexhibit10212282024.htm [144]: https://www.sec.gov/Archives/edgar/data/320193/000032019325000008/a10-qexhibit10212282024.htm [145]: https://www.sec.gov/Archives/edgar/data/320193/000032019325000008/a10-qexhibit10212282024.htm [146]: https://www.sec.gov/Archives/edgar/data/320193/000032019317000070/a10-kexhibit1082017.htm [147]: https://www.sec.gov/Archives/edgar/data/0000320193/000032019320000096/a10-kexhibit10169262020.htm [148]: https://www.sec.gov/Archives/edgar/data/320193/000119312522066169/d294699dex101.htm,2025,SEC Form 10-K,Apple Inc.,sec:AAPL:0000320193-25-000079:chunk108
109,AAPL latest 10-K chunk 109,[149]: https://www.sec.gov/Archives/edgar/data/0000320193/000119312522066169/d294699dex102.htm [150]: https://www.sec.gov/Archives/edgar/data/0000320193/000119312522066169/d294699dex103.htm [151]: https://www.sec.gov/Archives/edgar/data/0000320193/000119312522225365/d366128dex101.htm [152]: https://www.sec.gov/Archives/edgar/data/320193/000032019323000006/a10-qexhibit10112312022.htm [153]: https://www.sec.gov/Archives/edgar/data/320193/000032019323000006/a10-qexhibit10212312022.htm [154]: https://www.sec.gov/Archives/edgar/data/320193/000032019324000123/a10-kexhibit10199282024.htm [155]: https://www.sec.gov/Archives/edgar/data/320193/000032019324000123/a10-kexhibit10209282024.htm [156]: https://www.sec.gov/Archives/edgar/data/320193/000032019324000123/a10-kexhibit10219282024.htm [157]: https://www.sec.gov/Archives/edgar/data/320193/000032019324000123/a10-kexhibit10229282024.htm [158]: https://www.sec.gov/Archives/edgar/data/320193/000032019324000123/a10-kexhibit1919282024.htm [165]: https://www.sec.gov/Archives/edgar/data/320193/000032019324000123/a10-kexhibit97109282024.htm,2025,SEC Form 10-K,Apple Inc.,sec:AAPL:0000320193-25-000079:chunk109
